#
# There is insufficient memory for the Java Runtime Environment to continue.
# Native memory allocation (mmap) failed to map 39845888 bytes. Error detail: G1 virtual space
# Possible reasons:
#   The system is out of physical RAM or swap space
#   This process is running with CompressedOops enabled, and the Java Heap may be blocking the growth of the native heap
# Possible solutions:
#   Reduce memory load on the system
#   Increase physical memory or swap space
#   Check if swap backing store is full
#   Decrease Java heap size (-Xmx/-Xms)
#   Decrease number of Java threads
#   Decrease Java thread stack sizes (-Xss)
#   Set larger code cache with -XX:ReservedCodeCacheSize=
#   JVM is running with Zero Based Compressed Oops mode in which the Java heap is
#     placed in the first 32GB address space. The Java Heap base address is the
#     maximum limit for the native heap growth. Please use -XX:HeapBaseMinAddress
#     to set the Java Heap base and to place the Java Heap above 32GB virtual address.
# This output file may be truncated or incomplete.
#
#  Out of Memory Error (os_windows.cpp:3766), pid=20820, tid=20212
#
# JRE version: OpenJDK Runtime Environment (25.0.3) (build 25.0.3+-15898627-b508.16)
# Java VM: OpenJDK 64-Bit Server VM (25.0.3+-15898627-b508.16, mixed mode, tiered, compressed oops, compressed class ptrs, g1 gc, windows-amd64)
# No core dump will be written. Minidumps are not enabled by default on client versions of Windows
#

---------------  S U M M A R Y ------------

Command Line: --add-opens=java.base/java.lang=ALL-UNNAMED --add-opens=java.base/java.lang.invoke=ALL-UNNAMED --add-opens=java.base/java.util=ALL-UNNAMED --add-opens=java.prefs/java.util.prefs=ALL-UNNAMED --add-exports=jdk.compiler/com.sun.tools.javac.api=ALL-UNNAMED --add-exports=jdk.compiler/com.sun.tools.javac.util=ALL-UNNAMED --add-opens=java.base/java.nio.charset=ALL-UNNAMED --add-opens=java.base/java.net=ALL-UNNAMED --add-opens=java.base/java.util.concurrent=ALL-UNNAMED --add-opens=java.base/java.util.concurrent.atomic=ALL-UNNAMED --add-opens=java.xml/javax.xml.namespace=ALL-UNNAMED --add-opens=java.base/java.time=ALL-UNNAMED --sun-misc-unsafe-memory-access=allow --enable-native-access=ALL-UNNAMED -Xmx4g -Dfile.encoding=UTF-8 -Duser.country=US -Duser.language=en -Duser.variant -javaagent:C:\Users\hp\.gradle\wrapper\dists\gradle-9.8.0-bin\3m7h6ceboy5k31n8kzwzuxssm\gradle-9.8.0\lib\agents\gradle-instrumentation-agent-9.8.0.jar org.gradle.launcher.daemon.bootstrap.GradleDaemon 9.8.0

Host: 11th Gen Intel(R) Core(TM) i7-1185G7 @ 3.00GHz, 8 cores, 15G,  Windows 11 , 64 bit Build 26100 (10.0.26100.9444)
Time: Sun Oct  4 11:43:20 2026 Pakistan Standard Time elapsed time: 97.653145 seconds (0d 0h 1m 37s)

---------------  T H R E A D  ---------------

Current thread (0x000001762e4e6d40):  VMThread "VM Thread"          [id=20212, stack(0x0000000812f00000,0x0000000813000000) (1024K)]

Stack: [0x0000000812f00000,0x0000000813000000]
Native frames: (J=compiled Java code, j=interpreted, Vv=VM code, C=native code)
V  [jvm.dll+0x7bf039]  (no source info available)
V  [jvm.dll+0x78912d]  (no source info available)
V  [jvm.dll+0xa0e615]  (no source info available)
V  [jvm.dll+0xa10c94]  (no source info available)
V  [jvm.dll+0xa11393]  (no source info available)
V  [jvm.dll+0x30a116]  (no source info available)
V  [jvm.dll+0x7bb145]  (no source info available)
V  [jvm.dll+0x7adc17]  (no source info available)
V  [jvm.dll+0x3fea3b]  (no source info available)
V  [jvm.dll+0x406bf6]  (no source info available)
V  [jvm.dll+0x3f30a6]  (no source info available)
V  [jvm.dll+0x3f3388]  (no source info available)
V  [jvm.dll+0x3c8622]  (no source info available)
V  [jvm.dll+0x3cb3cc]  (no source info available)
V  [jvm.dll+0x3d803f]  (no source info available)
V  [jvm.dll+0x415df5]  (no source info available)
V  [jvm.dll+0xa1765a]  (no source info available)
V  [jvm.dll+0xa18961]  (no source info available)
V  [jvm.dll+0xa18ed8]  (no source info available)
V  [jvm.dll+0xa19163]  (no source info available)
V  [jvm.dll+0x9ad738]  (no source info available)
V  [jvm.dll+0x7bd585]  (no source info available)
C  [ucrtbase.dll+0x2cd30]  (no source info available)
C  [KERNEL32.DLL+0x2cd87]  (no source info available)
C  [ntdll.dll+0xacaec]  (no source info available)

VM_Operation (0x0000000812affa60): G1PauseRemark, mode: safepoint, requested by thread 0x0000017614436ff0


---------------  P R O C E S S  ---------------

Threads class SMR info:
_java_thread_list=0x000001763892ece0, length=69, elements={
0x00000176143afae0, 0x000001762e50fb30, 0x000001762e541500, 0x000001762e542360,
0x000001762e5218a0, 0x000001762e522060, 0x000001762e524c30, 0x000001762e5257f0,
0x000001762e5266e0, 0x000001762e54d640, 0x000001762ec6d070, 0x0000017634952ae0,
0x0000017635a622e0, 0x0000017635a0bd20, 0x0000017635a28610, 0x000001762e95d160,
0x0000017634c8cd70, 0x0000017633007600, 0x00000176330afda0, 0x00000176330b0d40,
0x00000176330b1510, 0x0000017634d4ce60, 0x0000017634d4c690, 0x0000017634d4af20,
0x0000017634d4d630, 0x0000017634d4de00, 0x0000017634d4f570, 0x0000017634d4eda0,
0x0000017634d50510, 0x000001762ec80630, 0x000001762ec7eec0, 0x000001762ec7f690,
0x000001762ec7fe60, 0x000001762ec844b0, 0x000001762ec83ce0, 0x00000176369ea790,
0x00000176369e9020, 0x00000176369eb730, 0x00000176369e8080, 0x00000176369e97f0,
0x000001763468ccc0, 0x000001763468ec00, 0x000001763468e430, 0x000001763468c4f0,
0x0000017638d92000, 0x0000017638d93770, 0x0000017638d91830, 0x000001763818d990,
0x000001763818e160, 0x000001763818c9f0, 0x000001763818d1c0, 0x000001763818aab0,
0x000001763818f8d0, 0x0000017635db85d0, 0x000001763e4adec0, 0x000001763e4afe00,
0x000001763e4b3c80, 0x000001763e4b82d0, 0x000001763e4b8aa0, 0x000001763e4b9270,
0x000001763e4bc150, 0x0000017635db56f0, 0x0000017638b764d0, 0x000001763da4f690,
0x000001763da4bfe0, 0x000001763da4e6f0, 0x000001763da4c7b0, 0x000001763da4cf80,
0x000001763ef93ae0
}

Java Threads: ( => current thread )
  0x00000176143afae0 JavaThread "main"                              [_thread_blocked, id=10300, stack(0x0000000812800000,0x0000000812900000) (1024K)]
  0x000001762e50fb30 JavaThread "Common-Cleaner"             daemon [_thread_blocked, id=19832, stack(0x0000000813000000,0x0000000813100000) (1024K)]
  0x000001762e541500 JavaThread "Reference Handler"          daemon [_thread_blocked, id=3688, stack(0x0000000813100000,0x0000000813200000) (1024K)]
  0x000001762e542360 JavaThread "Finalizer"                  daemon [_thread_blocked, id=19108, stack(0x0000000813200000,0x0000000813300000) (1024K)]
  0x000001762e5218a0 JavaThread "Signal Dispatcher"          daemon [_thread_blocked, id=22964, stack(0x0000000813300000,0x0000000813400000) (1024K)]
  0x000001762e522060 JavaThread "Attach Listener"            daemon [_thread_blocked, id=15248, stack(0x0000000813400000,0x0000000813500000) (1024K)]
  0x000001762e524c30 JavaThread "Service Thread"             daemon [_thread_blocked, id=19260, stack(0x0000000813500000,0x0000000813600000) (1024K)]
  0x000001762e5257f0 JavaThread "Monitor Deflation Thread"   daemon [_thread_blocked, id=4148, stack(0x0000000813600000,0x0000000813700000) (1024K)]
  0x000001762e5266e0 JavaThread "C2 CompilerThread0"         daemon [_thread_blocked, id=11600, stack(0x0000000813700000,0x0000000813800000) (1024K)]
  0x000001762e54d640 JavaThread "C1 CompilerThread0"         daemon [_thread_blocked, id=20656, stack(0x0000000813800000,0x0000000813900000) (1024K)]
  0x000001762ec6d070 JavaThread "Notification Thread"        daemon [_thread_blocked, id=17032, stack(0x0000000813900000,0x0000000813a00000) (1024K)]
  0x0000017634952ae0 JavaThread "Daemon health stats"               [_thread_blocked, id=23112, stack(0x0000000813f00000,0x0000000814000000) (1024K)]
  0x0000017635a622e0 JavaThread "Incoming local TCP Connector on port 57128"        [_thread_in_native, id=18352, stack(0x0000000814000000,0x0000000814100000) (1024K)]
  0x0000017635a0bd20 JavaThread "Daemon periodic checks"            [_thread_blocked, id=14992, stack(0x0000000814100000,0x0000000814200000) (1024K)]
  0x0000017635a28610 JavaThread "Daemon"                            [_thread_blocked, id=21060, stack(0x0000000814200000,0x0000000814300000) (1024K)]
  0x000001762e95d160 JavaThread "Handler for socket connection from /127.0.0.1:57128 to /127.0.0.1:57129"        [_thread_in_native, id=5988, stack(0x0000000814300000,0x0000000814400000) (1024K)]
  0x0000017634c8cd70 JavaThread "Cancel handler"                    [_thread_blocked, id=22020, stack(0x0000000814700000,0x0000000814800000) (1024K)]
  0x0000017633007600 JavaThread "Daemon worker"                     [_thread_blocked, id=23004, stack(0x0000000814800000,0x0000000814900000) (1024K)]
  0x00000176330afda0 JavaThread "Asynchronous log dispatcher for DefaultDaemonConnection: socket connection from /127.0.0.1:57128 to /127.0.0.1:57129"        [_thread_blocked, id=11936, stack(0x0000000814900000,0x0000000814a00000) (1024K)]
  0x00000176330b0d40 JavaThread "Stdin handler"                     [_thread_blocked, id=20496, stack(0x0000000814a00000,0x0000000814b00000) (1024K)]
  0x00000176330b1510 JavaThread "Daemon client event forwarder"        [_thread_blocked, id=15324, stack(0x0000000814b00000,0x0000000814c00000) (1024K)]
  0x0000017634d4ce60 JavaThread "Cache worker for journal cache (C:\Users\hp\.gradle\caches\journal-1)"        [_thread_blocked, id=16900, stack(0x0000000814c00000,0x0000000814d00000) (1024K)]
  0x0000017634d4c690 JavaThread "File lock request listener"        [_thread_in_native, id=22776, stack(0x0000000814d00000,0x0000000814e00000) (1024K)]
  0x0000017634d4af20 JavaThread "Cache worker for file hash cache (C:\Users\hp\.gradle\caches\9.8.0\fileHashes)"        [_thread_blocked, id=9276, stack(0x0000000814e00000,0x0000000814f00000) (1024K)]
  0x0000017634d4d630 JavaThread "Cache worker for file hash cache (D:\WithSadam\Pose-Camera\.gradle\9.8.0\fileHashes)"        [_thread_blocked, id=15692, stack(0x0000000814f00000,0x0000000815000000) (1024K)]
  0x0000017634d4de00 JavaThread "Cache worker for Build Output Cleanup Cache (D:\WithSadam\Pose-Camera\.gradle\buildOutputCleanup)"        [_thread_blocked, id=19784, stack(0x0000000815000000,0x0000000815100000) (1024K)]
  0x0000017634d4f570 JavaThread "File watcher server"        daemon [_thread_blocked, id=10436, stack(0x0000000815100000,0x0000000815200000) (1024K)]
  0x0000017634d4eda0 JavaThread "File watcher consumer"      daemon [_thread_blocked, id=20216, stack(0x0000000815200000,0x0000000815300000) (1024K)]
  0x0000017634d50510 JavaThread "Cache worker for file content cache (C:\Users\hp\.gradle\caches\9.8.0\fileContent)"        [_thread_blocked, id=10596, stack(0x0000000815300000,0x0000000815400000) (1024K)]
  0x000001762ec80630 JavaThread "Cache worker for checksums cache (D:\WithSadam\Pose-Camera\.gradle\9.8.0\checksums)"        [_thread_blocked, id=15796, stack(0x0000000815400000,0x0000000815500000) (1024K)]
  0x000001762ec7eec0 JavaThread "Cache worker for cache directory md-supplier (C:\Users\hp\.gradle\caches\9.8.0\md-supplier)"        [_thread_blocked, id=22616, stack(0x0000000815500000,0x0000000815600000) (1024K)]
  0x000001762ec7f690 JavaThread "Cache worker for cache directory md-rule (C:\Users\hp\.gradle\caches\9.8.0\md-rule)"        [_thread_blocked, id=14108, stack(0x0000000815600000,0x0000000815700000) (1024K)]
  0x000001762ec7fe60 JavaThread "Build operations"                  [_thread_blocked, id=14988, stack(0x0000000815700000,0x0000000815800000) (1024K)]
  0x000001762ec844b0 JavaThread "Build operations Thread 2"         [_thread_blocked, id=21364, stack(0x0000000815800000,0x0000000815900000) (1024K)]
  0x000001762ec83ce0 JavaThread "Build operations Thread 3"         [_thread_blocked, id=14976, stack(0x0000000815900000,0x0000000815a00000) (1024K)]
  0x00000176369ea790 JavaThread "Build operations Thread 4"         [_thread_blocked, id=20584, stack(0x0000000815a00000,0x0000000815b00000) (1024K)]
  0x00000176369e9020 JavaThread "Build operations Thread 5"         [_thread_blocked, id=20528, stack(0x0000000815b00000,0x0000000815c00000) (1024K)]
  0x00000176369eb730 JavaThread "Build operations Thread 6"         [_thread_blocked, id=21792, stack(0x0000000815c00000,0x0000000815d00000) (1024K)]
  0x00000176369e8080 JavaThread "Build operations Thread 7"         [_thread_blocked, id=4208, stack(0x0000000815d00000,0x0000000815e00000) (1024K)]
  0x00000176369e97f0 JavaThread "Build operations Thread 8"         [_thread_blocked, id=14076, stack(0x0000000815e00000,0x0000000815f00000) (1024K)]
  0x000001763468ccc0 JavaThread "Memory manager"                    [_thread_blocked, id=21724, stack(0x0000000815f00000,0x0000000816000000) (1024K)]
  0x000001763468ec00 JavaThread "Problems report writer"            [_thread_blocked, id=23220, stack(0x0000000816000000,0x0000000816100000) (1024K)]
  0x000001763468e430 JavaThread "build event listener"              [_thread_blocked, id=19604, stack(0x0000000816100000,0x0000000816200000) (1024K)]
  0x000001763468c4f0 JavaThread "build event listener"              [_thread_blocked, id=13640, stack(0x0000000816200000,0x0000000816300000) (1024K)]
  0x0000017638d92000 JavaThread "included builds"                   [_thread_blocked, id=23264, stack(0x0000000816300000,0x0000000816400000) (1024K)]
  0x0000017638d93770 JavaThread "Execution worker"                  [_thread_blocked, id=18348, stack(0x0000000816400000,0x0000000816500000) (1024K)]
  0x0000017638d91830 JavaThread "Execution worker Thread 2"         [_thread_blocked, id=21952, stack(0x0000000816500000,0x0000000816600000) (1024K)]
  0x000001763818d990 JavaThread "Execution worker Thread 3"         [_thread_blocked, id=13684, stack(0x0000000816600000,0x0000000816700000) (1024K)]
  0x000001763818e160 JavaThread "Execution worker Thread 4"         [_thread_blocked, id=21752, stack(0x0000000816700000,0x0000000816800000) (1024K)]
  0x000001763818c9f0 JavaThread "Execution worker Thread 5"         [_thread_blocked, id=20464, stack(0x0000000816800000,0x0000000816900000) (1024K)]
  0x000001763818d1c0 JavaThread "Execution worker Thread 6"         [_thread_blocked, id=10028, stack(0x0000000816900000,0x0000000816a00000) (1024K)]
  0x000001763818aab0 JavaThread "Execution worker Thread 7"         [_thread_blocked, id=19548, stack(0x0000000816a00000,0x0000000816b00000) (1024K)]
  0x000001763818f8d0 JavaThread "Cache worker for execution history cache (D:\WithSadam\Pose-Camera\.gradle\9.8.0\executionHistory)"        [_thread_blocked, id=19936, stack(0x0000000816b00000,0x0000000816c00000) (1024K)]
  0x0000017635db85d0 JavaThread "File lock release action executor"        [_thread_blocked, id=23256, stack(0x0000000816d00000,0x0000000816e00000) (1024K)]
  0x000001763e4adec0 JavaThread "WorkerExecutor Queue"              [_thread_blocked, id=21736, stack(0x0000000816e00000,0x0000000816f00000) (1024K)]
  0x000001763e4afe00 JavaThread "RMI Scheduler(0)"           daemon [_thread_blocked, id=16256, stack(0x0000000816f00000,0x0000000817000000) (1024K)]
  0x000001763e4b3c80 JavaThread "RMI GC Daemon"              daemon [_thread_blocked, id=15244, stack(0x0000000817100000,0x0000000817200000) (1024K)]
  0x000001763e4b82d0 JavaThread "RMI TCP Accept-0"           daemon [_thread_in_native, id=5472, stack(0x0000000817200000,0x0000000817300000) (1024K)]
  0x000001763e4b8aa0 JavaThread "RMI Reaper"                        [_thread_blocked, id=648, stack(0x0000000817300000,0x0000000817400000) (1024K)]
  0x000001763e4b9270 JavaThread "RMI TCP Connection(2)-127.0.0.1" daemon [_thread_in_native, id=22888, stack(0x0000000817400000,0x0000000817500000) (1024K)]
  0x000001763e4bc150 JavaThread "Cache worker for Java compile cache (C:\Users\hp\.gradle\caches\9.8.0\javaCompile)"        [_thread_blocked, id=21472, stack(0x0000000812700000,0x0000000812800000) (1024K)]
  0x0000017635db56f0 JavaThread "WorkerExecutor Queue Thread 2"        [_thread_blocked, id=22092, stack(0x0000000812600000,0x0000000812700000) (1024K)]
  0x0000017638b764d0 JavaThread "WorkerExecutor Queue Thread 3"        [_thread_blocked, id=9960, stack(0x0000000816c00000,0x0000000816d00000) (1024K)]
  0x000001763da4f690 JavaThread "WorkerExecutor Queue Thread 4"        [_thread_blocked, id=16508, stack(0x0000000817500000,0x0000000817600000) (1024K)]
  0x000001763da4bfe0 JavaThread "WorkerExecutor Queue Thread 5"        [_thread_blocked, id=6044, stack(0x0000000817600000,0x0000000817700000) (1024K)]
  0x000001763da4e6f0 JavaThread "WorkerExecutor Queue Thread 6"        [_thread_blocked, id=5840, stack(0x0000000817700000,0x0000000817800000) (1024K)]
  0x000001763da4c7b0 JavaThread "WorkerExecutor Queue Thread 7"        [_thread_blocked, id=18124, stack(0x0000000817800000,0x0000000817900000) (1024K)]
  0x000001763da4cf80 JavaThread "WorkerExecutor Queue Thread 8"        [_thread_blocked, id=16684, stack(0x0000000817900000,0x0000000817a00000) (1024K)]
  0x000001763ef93ae0 JavaThread "C2 CompilerThread1"         daemon [_thread_blocked, id=6328, stack(0x0000000817000000,0x0000000817100000) (1024K)]
Total: 69

Other Threads:
=>0x000001762e4e6d40 VMThread "VM Thread"                           [id=20212, stack(0x0000000812f00000,0x0000000813000000) (1024K)]
  0x000001762e4a23c0 WatcherThread "VM Periodic Task Thread"        [id=22056, stack(0x0000000812e00000,0x0000000812f00000) (1024K)]
  0x000001761441cf10 WorkerThread "GC Thread#0"                     [id=16676, stack(0x0000000812900000,0x0000000812a00000) (1024K)]
  0x000001763403dc60 WorkerThread "GC Thread#1"                     [id=19828, stack(0x0000000813a00000,0x0000000813b00000) (1024K)]
  0x000001763403e090 WorkerThread "GC Thread#2"                     [id=22460, stack(0x0000000813b00000,0x0000000813c00000) (1024K)]
  0x000001763403e4c0 WorkerThread "GC Thread#3"                     [id=18916, stack(0x0000000813c00000,0x0000000813d00000) (1024K)]
  0x0000017634040900 WorkerThread "GC Thread#4"                     [id=16552, stack(0x0000000813d00000,0x0000000813e00000) (1024K)]
  0x0000017633fb0ee0 WorkerThread "GC Thread#5"                     [id=21740, stack(0x0000000813e00000,0x0000000813f00000) (1024K)]
  0x0000017633fb1bd0 WorkerThread "GC Thread#6"                     [id=21096, stack(0x0000000814400000,0x0000000814500000) (1024K)]
  0x0000017633fb3a00 WorkerThread "GC Thread#7"                     [id=22608, stack(0x0000000814500000,0x0000000814600000) (1024K)]
  0x0000017614436ff0 ConcurrentGCThread "G1 Main Marker"            [id=8368, stack(0x0000000812a00000,0x0000000812b00000) (1024K)]
  0x0000017614437b90 WorkerThread "G1 Conc#0"                       [id=18212, stack(0x0000000812b00000,0x0000000812c00000) (1024K)]
  0x0000017633fb0640 WorkerThread "G1 Conc#1"                       [id=7756, stack(0x0000000814600000,0x0000000814700000) (1024K)]
  0x000001762e3735b0 ConcurrentGCThread "G1 Refine#0"               [id=8808, stack(0x0000000812c00000,0x0000000812d00000) (1024K)]
  0x000001762e376fe0 ConcurrentGCThread "G1 Service"                [id=17868, stack(0x0000000812d00000,0x0000000812e00000) (1024K)]
Total: 15

Threads with active compile tasks:
C2 CompilerThread0  97787 22215       4       com.android.tools.r8.internal.sx1::b (94 bytes)
C1 CompilerThread0  97787 22295 %     3       com.android.tools.r8.internal.az0::a @ 968 (3848 bytes)
C2 CompilerThread1  97787 22210 %     4       com.android.tools.r8.internal.sx1::c @ 592 (790 bytes)
Total: 3

VM state: at safepoint (normal execution)

VM Mutex/Monitor currently owned by a thread:  ([mutex/lock_event])
[0x00007ffdeaf67928] Threads_lock - owner thread: 0x000001762e4e6d40
[0x00007ffdeaf67aa8] Heap_lock - owner thread: 0x0000017614436ff0

Heap address: 0x0000000700000000, size: 4096 MB, Compressed Oops mode: Zero based, Oop shift amount: 3

CDS archive(s) not mapped
Compressed class space mapped at: 0x0000000082000000-0x00000000c2000000, reserved size: 1073741824
UseCompressedClassPointers 1, UseCompactObjectHeaders 0
Narrow klass pointer bits 32, Max shift 3
Narrow klass base: 0x0000000000000000, Narrow klass shift: 0
Encoding Range: [0x0000000000000000 - 0x0000000100000000), (4294967296 bytes)
Klass Range:    [0x0000000082000000 - 0x00000000c2000000), (1073741824 bytes)
Klass ID Range:  [2181038080 - 3254779897) (1073741817)
No protection zone.

GC Precious Log:
 CardTable entry size: 512
 Card Set container configuration: InlinePtr #cards 4 size 8 Array Of Cards #cards 16 size 48 Howl #buckets 8 coarsen threshold 3686 Howl Bitmap #cards 512 size 80 coarsen threshold 460 Card regions per heap region 1 cards per card region 4096
 CPUs: 8 total, 8 available
 Memory: 16112M
 Large Page Support: Disabled
 NUMA Support: Disabled
 Compressed Oops: Enabled (Zero based)
 Heap Region Size: 2M
 Heap Min Capacity: 8M
 Heap Initial Capacity: 252M
 Heap Max Capacity: 4G
 Pre-touch: Disabled
 Parallel Workers: 8
 Concurrent Workers: 2
 Concurrent Refinement Workers: 8
 Periodic GC: Disabled

Heap:
 garbage-first heap   total reserved 4194304K, committed 368640K, used 271004K [0x0000000700000000, 0x0000000800000000)
  region size 2048K, 19 young (38912K), 4 survivors (8192K)

Heap Regions: E=young(eden), S=young(survivor), O=old, HS=humongous(starts), HC=humongous(continues), CS=collection set, F=free, TAMS=top-at-mark-start, PB=parsable bottom
|   0|0x0000000700000000, 0x0000000700200000, 0x0000000700200000|100%|HS|  |TAMS 0x0000000700200000| PB 0x0000000700000000| Complete |  0
|   1|0x0000000700200000, 0x0000000700400000, 0x0000000700400000|100%|HC|  |TAMS 0x0000000700400000| PB 0x0000000700200000| Complete |  0
|   2|0x0000000700400000, 0x0000000700600000, 0x0000000700600000|100%| O|  |TAMS 0x0000000700600000| PB 0x0000000700600000| Untracked |  0
|   3|0x0000000700600000, 0x0000000700800000, 0x0000000700800000|100%| O|  |TAMS 0x0000000700800000| PB 0x0000000700800000| Untracked |  0
|   4|0x0000000700800000, 0x0000000700a00000, 0x0000000700a00000|100%| O|  |TAMS 0x0000000700a00000| PB 0x0000000700a00000| Untracked |  0
|   5|0x0000000700a00000, 0x0000000700c00000, 0x0000000700c00000|100%| O|  |TAMS 0x0000000700c00000| PB 0x0000000700c00000| Untracked |  0
|   6|0x0000000700c00000, 0x0000000700e00000, 0x0000000700e00000|100%| O|  |TAMS 0x0000000700e00000| PB 0x0000000700e00000| Untracked |  0
|   7|0x0000000700e00000, 0x0000000701000000, 0x0000000701000000|100%| O|  |TAMS 0x0000000701000000| PB 0x0000000701000000| Untracked |  0
|   8|0x0000000701000000, 0x0000000701200000, 0x0000000701200000|100%| O|  |TAMS 0x0000000701200000| PB 0x0000000701200000| Untracked |  0
|   9|0x0000000701200000, 0x0000000701400000, 0x0000000701400000|100%| O|  |TAMS 0x0000000701400000| PB 0x0000000701400000| Untracked |  0
|  10|0x0000000701400000, 0x0000000701600000, 0x0000000701600000|100%| O|  |TAMS 0x0000000701600000| PB 0x0000000701600000| Untracked |  0
|  11|0x0000000701600000, 0x0000000701800000, 0x0000000701800000|100%| O|  |TAMS 0x0000000701800000| PB 0x0000000701800000| Untracked |  0
|  12|0x0000000701800000, 0x0000000701a00000, 0x0000000701a00000|100%| O|  |TAMS 0x0000000701a00000| PB 0x0000000701a00000| Untracked |  0
|  13|0x0000000701a00000, 0x0000000701c00000, 0x0000000701c00000|100%| O|  |TAMS 0x0000000701c00000| PB 0x0000000701c00000| Untracked |  0
|  14|0x0000000701c00000, 0x0000000701e00000, 0x0000000701e00000|100%| O|  |TAMS 0x0000000701e00000| PB 0x0000000701e00000| Untracked |  0
|  15|0x0000000701e00000, 0x0000000702000000, 0x0000000702000000|100%| O|  |TAMS 0x0000000702000000| PB 0x0000000702000000| Untracked |  0
|  16|0x0000000702000000, 0x0000000702200000, 0x0000000702200000|100%| O|  |TAMS 0x0000000702200000| PB 0x0000000702200000| Untracked |  0
|  17|0x0000000702200000, 0x0000000702400000, 0x0000000702400000|100%| O|  |TAMS 0x0000000702400000| PB 0x0000000702400000| Untracked |  0
|  18|0x0000000702400000, 0x0000000702600000, 0x0000000702600000|100%| O|  |TAMS 0x0000000702600000| PB 0x0000000702600000| Untracked |  0
|  19|0x0000000702600000, 0x0000000702800000, 0x0000000702800000|100%| O|  |TAMS 0x0000000702800000| PB 0x0000000702800000| Untracked |  0
|  20|0x0000000702800000, 0x0000000702a00000, 0x0000000702a00000|100%| O|  |TAMS 0x0000000702a00000| PB 0x0000000702a00000| Untracked |  0
|  21|0x0000000702a00000, 0x0000000702c00000, 0x0000000702c00000|100%| O|  |TAMS 0x0000000702c00000| PB 0x0000000702c00000| Untracked |  0
|  22|0x0000000702c00000, 0x0000000702e00000, 0x0000000702e00000|100%|HS|  |TAMS 0x0000000702e00000| PB 0x0000000702c00000| Complete |  0
|  23|0x0000000702e00000, 0x0000000703000000, 0x0000000703000000|100%|HC|  |TAMS 0x0000000703000000| PB 0x0000000702e00000| Complete |  0
|  24|0x0000000703000000, 0x0000000703200000, 0x0000000703200000|100%| O|  |TAMS 0x0000000703200000| PB 0x0000000703200000| Untracked |  0
|  25|0x0000000703200000, 0x0000000703400000, 0x0000000703400000|100%| O|  |TAMS 0x0000000703400000| PB 0x0000000703400000| Untracked |  0
|  26|0x0000000703400000, 0x0000000703600000, 0x0000000703600000|100%| O|  |TAMS 0x0000000703600000| PB 0x0000000703600000| Untracked |  0
|  27|0x0000000703600000, 0x0000000703800000, 0x0000000703800000|100%| O|  |TAMS 0x0000000703800000| PB 0x0000000703800000| Untracked |  0
|  28|0x0000000703800000, 0x0000000703a00000, 0x0000000703a00000|100%| O|  |TAMS 0x0000000703a00000| PB 0x0000000703a00000| Untracked |  0
|  29|0x0000000703a00000, 0x0000000703c00000, 0x0000000703c00000|100%| O|  |TAMS 0x0000000703c00000| PB 0x0000000703c00000| Untracked |  0
|  30|0x0000000703c00000, 0x0000000703e00000, 0x0000000703e00000|100%| O|  |TAMS 0x0000000703e00000| PB 0x0000000703e00000| Untracked |  0
|  31|0x0000000703e00000, 0x0000000704000000, 0x0000000704000000|100%|HS|  |TAMS 0x0000000704000000| PB 0x0000000703e00000| Complete |  0
|  32|0x0000000704000000, 0x0000000704200000, 0x0000000704200000|100%| O|  |TAMS 0x0000000704000000| PB 0x0000000704000000| Untracked |  0
|  33|0x0000000704200000, 0x0000000704400000, 0x0000000704400000|100%| O|  |TAMS 0x0000000704400000| PB 0x0000000704400000| Untracked |  0
|  34|0x0000000704400000, 0x0000000704600000, 0x0000000704600000|100%| O|  |TAMS 0x0000000704600000| PB 0x0000000704600000| Untracked |  0
|  35|0x0000000704600000, 0x0000000704800000, 0x0000000704800000|100%| O|  |TAMS 0x0000000704800000| PB 0x0000000704800000| Untracked |  0
|  36|0x0000000704800000, 0x0000000704a00000, 0x0000000704a00000|100%| O|  |TAMS 0x0000000704a00000| PB 0x0000000704a00000| Untracked |  0
|  37|0x0000000704a00000, 0x0000000704c00000, 0x0000000704c00000|100%| O|  |TAMS 0x0000000704c00000| PB 0x0000000704c00000| Untracked |  0
|  38|0x0000000704c00000, 0x0000000704e00000, 0x0000000704e00000|100%| O|  |TAMS 0x0000000704e00000| PB 0x0000000704e00000| Untracked |  0
|  39|0x0000000704e00000, 0x0000000705000000, 0x0000000705000000|100%| O|  |TAMS 0x0000000705000000| PB 0x0000000705000000| Untracked |  0
|  40|0x0000000705000000, 0x0000000705200000, 0x0000000705200000|100%| O|  |TAMS 0x0000000705200000| PB 0x0000000705200000| Untracked |  0
|  41|0x0000000705200000, 0x0000000705400000, 0x0000000705400000|100%| O|  |TAMS 0x0000000705400000| PB 0x0000000705400000| Untracked |  0
|  42|0x0000000705400000, 0x0000000705600000, 0x0000000705600000|100%| O|  |TAMS 0x0000000705600000| PB 0x0000000705600000| Untracked |  0
|  43|0x0000000705600000, 0x0000000705800000, 0x0000000705800000|100%| O|  |TAMS 0x0000000705800000| PB 0x0000000705800000| Untracked |  0
|  44|0x0000000705800000, 0x0000000705a00000, 0x0000000705a00000|100%| O|  |TAMS 0x0000000705a00000| PB 0x0000000705a00000| Untracked |  0
|  45|0x0000000705a00000, 0x0000000705c00000, 0x0000000705c00000|100%| O|  |TAMS 0x0000000705c00000| PB 0x0000000705c00000| Untracked |  0
|  46|0x0000000705c00000, 0x0000000705e00000, 0x0000000705e00000|100%| O|  |TAMS 0x0000000705e00000| PB 0x0000000705e00000| Untracked |  0
|  47|0x0000000705e00000, 0x0000000706000000, 0x0000000706000000|100%| O|  |TAMS 0x0000000706000000| PB 0x0000000706000000| Untracked |  0
|  48|0x0000000706000000, 0x0000000706200000, 0x0000000706200000|100%| O|  |TAMS 0x0000000706200000| PB 0x0000000706200000| Untracked |  0
|  49|0x0000000706200000, 0x0000000706400000, 0x0000000706400000|100%| O|  |TAMS 0x0000000706400000| PB 0x0000000706400000| Untracked |  0
|  50|0x0000000706400000, 0x0000000706600000, 0x0000000706600000|100%| O|  |TAMS 0x0000000706600000| PB 0x0000000706600000| Untracked |  0
|  51|0x0000000706600000, 0x0000000706800000, 0x0000000706800000|100%| O|  |TAMS 0x0000000706800000| PB 0x0000000706800000| Untracked |  0
|  52|0x0000000706800000, 0x0000000706a00000, 0x0000000706a00000|100%| O|  |TAMS 0x0000000706a00000| PB 0x0000000706a00000| Untracked |  0
|  53|0x0000000706a00000, 0x0000000706c00000, 0x0000000706c00000|100%| O|  |TAMS 0x0000000706c00000| PB 0x0000000706c00000| Untracked |  0
|  54|0x0000000706c00000, 0x0000000706e00000, 0x0000000706e00000|100%| O|  |TAMS 0x0000000706e00000| PB 0x0000000706e00000| Untracked |  0
|  55|0x0000000706e00000, 0x0000000707000000, 0x0000000707000000|100%| O|  |TAMS 0x0000000707000000| PB 0x0000000707000000| Untracked |  0
|  56|0x0000000707000000, 0x0000000707200000, 0x0000000707200000|100%| O|  |TAMS 0x0000000707200000| PB 0x0000000707200000| Untracked |  0
|  57|0x0000000707200000, 0x0000000707400000, 0x0000000707400000|100%| O|  |TAMS 0x0000000707200000| PB 0x0000000707200000| Untracked |  0
|  58|0x0000000707400000, 0x0000000707600000, 0x0000000707600000|100%| O|  |TAMS 0x0000000707600000| PB 0x0000000707600000| Untracked |  0
|  59|0x0000000707600000, 0x0000000707800000, 0x0000000707800000|100%| O|  |TAMS 0x0000000707800000| PB 0x0000000707800000| Untracked |  0
|  60|0x0000000707800000, 0x0000000707a00000, 0x0000000707a00000|100%| O|  |TAMS 0x0000000707a00000| PB 0x0000000707a00000| Untracked |  0
|  61|0x0000000707a00000, 0x0000000707c00000, 0x0000000707c00000|100%| O|  |TAMS 0x0000000707c00000| PB 0x0000000707c00000| Untracked |  0
|  62|0x0000000707c00000, 0x0000000707e00000, 0x0000000707e00000|100%|HS|  |TAMS 0x0000000707e00000| PB 0x0000000707c00000| Complete |  0
|  63|0x0000000707e00000, 0x0000000708000000, 0x0000000708000000|100%|HC|  |TAMS 0x0000000708000000| PB 0x0000000707e00000| Complete |  0
|  64|0x0000000708000000, 0x0000000708200000, 0x0000000708200000|100%| O|  |TAMS 0x0000000708200000| PB 0x0000000708200000| Untracked |  0
|  65|0x0000000708200000, 0x0000000708400000, 0x0000000708400000|100%| O|  |TAMS 0x0000000708400000| PB 0x0000000708400000| Untracked |  0
|  66|0x0000000708400000, 0x0000000708600000, 0x0000000708600000|100%| O|  |TAMS 0x0000000708600000| PB 0x0000000708600000| Untracked |  0
|  67|0x0000000708600000, 0x0000000708800000, 0x0000000708800000|100%| O|  |TAMS 0x0000000708800000| PB 0x0000000708800000| Untracked |  0
|  68|0x0000000708800000, 0x0000000708a00000, 0x0000000708a00000|100%| O|  |TAMS 0x0000000708a00000| PB 0x0000000708a00000| Untracked |  0
|  69|0x0000000708a00000, 0x0000000708c00000, 0x0000000708c00000|100%| O|  |TAMS 0x0000000708c00000| PB 0x0000000708c00000| Untracked |  0
|  70|0x0000000708c00000, 0x0000000708e00000, 0x0000000708e00000|100%| O|  |TAMS 0x0000000708e00000| PB 0x0000000708e00000| Untracked |  0
|  71|0x0000000708e00000, 0x0000000709000000, 0x0000000709000000|100%| O|  |TAMS 0x0000000708e00000| PB 0x0000000708e00000| Untracked |  0
|  72|0x0000000709000000, 0x0000000709200000, 0x0000000709200000|100%| O|  |TAMS 0x0000000709200000| PB 0x0000000709200000| Untracked |  0
|  73|0x0000000709200000, 0x0000000709400000, 0x0000000709400000|100%| O|  |TAMS 0x0000000709400000| PB 0x0000000709400000| Untracked |  0
|  74|0x0000000709400000, 0x0000000709600000, 0x0000000709600000|100%| O|  |TAMS 0x0000000709400000| PB 0x0000000709400000| Untracked |  0
|  75|0x0000000709600000, 0x0000000709800000, 0x0000000709800000|100%| O|  |TAMS 0x0000000709800000| PB 0x0000000709800000| Untracked |  0
|  76|0x0000000709800000, 0x0000000709a00000, 0x0000000709a00000|100%| O|  |TAMS 0x0000000709a00000| PB 0x0000000709a00000| Untracked |  0
|  77|0x0000000709a00000, 0x0000000709c00000, 0x0000000709c00000|100%| O|  |TAMS 0x0000000709c00000| PB 0x0000000709c00000| Untracked |  0
|  78|0x0000000709c00000, 0x0000000709e00000, 0x0000000709e00000|100%| O|  |TAMS 0x0000000709e00000| PB 0x0000000709e00000| Untracked |  0
|  79|0x0000000709e00000, 0x000000070a000000, 0x000000070a000000|100%| O|  |TAMS 0x000000070a000000| PB 0x000000070a000000| Untracked |  0
|  80|0x000000070a000000, 0x000000070a200000, 0x000000070a200000|100%| O|  |TAMS 0x000000070a200000| PB 0x000000070a200000| Untracked |  0
|  81|0x000000070a200000, 0x000000070a400000, 0x000000070a400000|100%| O|  |TAMS 0x000000070a400000| PB 0x000000070a400000| Untracked |  0
|  82|0x000000070a400000, 0x000000070a600000, 0x000000070a600000|100%| O|  |TAMS 0x000000070a600000| PB 0x000000070a600000| Untracked |  0
|  83|0x000000070a600000, 0x000000070a800000, 0x000000070a800000|100%| O|  |TAMS 0x000000070a800000| PB 0x000000070a800000| Untracked |  0
|  84|0x000000070a800000, 0x000000070aa00000, 0x000000070aa00000|100%| O|  |TAMS 0x000000070aa00000| PB 0x000000070aa00000| Untracked |  0
|  85|0x000000070aa00000, 0x000000070ac00000, 0x000000070ac00000|100%| O|  |TAMS 0x000000070ac00000| PB 0x000000070ac00000| Untracked |  0
|  86|0x000000070ac00000, 0x000000070ae00000, 0x000000070ae00000|100%| O|Cm|TAMS 0x000000070ae00000| PB 0x000000070ae00000| Updating |  0
|  87|0x000000070ae00000, 0x000000070b000000, 0x000000070b000000|100%| O|  |TAMS 0x000000070b000000| PB 0x000000070b000000| Untracked |  0
|  88|0x000000070b000000, 0x000000070b200000, 0x000000070b200000|100%| O|  |TAMS 0x000000070b200000| PB 0x000000070b200000| Untracked |  0
|  89|0x000000070b200000, 0x000000070b400000, 0x000000070b400000|100%| O|  |TAMS 0x000000070b400000| PB 0x000000070b400000| Untracked |  0
|  90|0x000000070b400000, 0x000000070b600000, 0x000000070b600000|100%| O|Cm|TAMS 0x000000070b600000| PB 0x000000070b600000| Updating |  0
|  91|0x000000070b600000, 0x000000070b800000, 0x000000070b800000|100%| O|  |TAMS 0x000000070b800000| PB 0x000000070b800000| Untracked |  0
|  92|0x000000070b800000, 0x000000070ba00000, 0x000000070ba00000|100%| O|  |TAMS 0x000000070ba00000| PB 0x000000070ba00000| Untracked |  0
|  93|0x000000070ba00000, 0x000000070bc00000, 0x000000070bc00000|100%| O|  |TAMS 0x000000070bc00000| PB 0x000000070bc00000| Untracked |  0
|  94|0x000000070bc00000, 0x000000070be00000, 0x000000070be00000|100%| O|  |TAMS 0x000000070be00000| PB 0x000000070be00000| Untracked |  0
|  95|0x000000070be00000, 0x000000070c000000, 0x000000070c000000|100%| O|Cm|TAMS 0x000000070c000000| PB 0x000000070c000000| Updating |  0
|  96|0x000000070c000000, 0x000000070c200000, 0x000000070c200000|100%| O|  |TAMS 0x000000070c200000| PB 0x000000070c200000| Untracked |  0
|  97|0x000000070c200000, 0x000000070c400000, 0x000000070c400000|100%| O|  |TAMS 0x000000070c400000| PB 0x000000070c400000| Untracked |  0
|  98|0x000000070c400000, 0x000000070c600000, 0x000000070c600000|100%| O|  |TAMS 0x000000070c600000| PB 0x000000070c600000| Untracked |  0
|  99|0x000000070c600000, 0x000000070c800000, 0x000000070c800000|100%| O|  |TAMS 0x000000070c800000| PB 0x000000070c800000| Untracked |  0
| 100|0x000000070c800000, 0x000000070ca00000, 0x000000070ca00000|100%| O|  |TAMS 0x000000070c800000| PB 0x000000070c800000| Untracked |  0
| 101|0x000000070ca00000, 0x000000070cc00000, 0x000000070cc00000|100%| O|  |TAMS 0x000000070cc00000| PB 0x000000070cc00000| Untracked |  0
| 102|0x000000070cc00000, 0x000000070ce00000, 0x000000070ce00000|100%| O|  |TAMS 0x000000070ce00000| PB 0x000000070ce00000| Untracked |  0
| 103|0x000000070ce00000, 0x000000070d000000, 0x000000070d000000|100%| O|  |TAMS 0x000000070d000000| PB 0x000000070d000000| Untracked |  0
| 104|0x000000070d000000, 0x000000070d200000, 0x000000070d200000|100%| O|  |TAMS 0x000000070d200000| PB 0x000000070d200000| Untracked |  0
| 105|0x000000070d200000, 0x000000070d400000, 0x000000070d400000|100%| O|Cm|TAMS 0x000000070d400000| PB 0x000000070d400000| Updating |  0
| 106|0x000000070d400000, 0x000000070d600000, 0x000000070d600000|100%| O|  |TAMS 0x000000070d400000| PB 0x000000070d400000| Untracked |  0
| 107|0x000000070d600000, 0x000000070d800000, 0x000000070d800000|100%| O|  |TAMS 0x000000070d600000| PB 0x000000070d600000| Untracked |  0
| 108|0x000000070d800000, 0x000000070d800000, 0x000000070da00000|  0%| F|  |TAMS 0x000000070d800000| PB 0x000000070d800000| Untracked |  0
| 109|0x000000070da00000, 0x000000070da00000, 0x000000070dc00000|  0%| F|  |TAMS 0x000000070da00000| PB 0x000000070da00000| Untracked |  0
| 110|0x000000070dc00000, 0x000000070dc00000, 0x000000070de00000|  0%| F|  |TAMS 0x000000070dc00000| PB 0x000000070dc00000| Untracked |  0
| 111|0x000000070de00000, 0x000000070de00000, 0x000000070e000000|  0%| F|  |TAMS 0x000000070de00000| PB 0x000000070de00000| Untracked |  0
| 112|0x000000070e000000, 0x000000070e000000, 0x000000070e200000|  0%| F|  |TAMS 0x000000070e000000| PB 0x000000070e000000| Untracked |  0
| 113|0x000000070e200000, 0x000000070e400000, 0x000000070e400000|100%| O|Cm|TAMS 0x000000070e3d2a60| PB 0x000000070e3d2a60| Updating |  0
| 114|0x000000070e400000, 0x000000070e400000, 0x000000070e600000|  0%| F|  |TAMS 0x000000070e400000| PB 0x000000070e400000| Untracked |  0
| 115|0x000000070e600000, 0x000000070e600000, 0x000000070e800000|  0%| F|  |TAMS 0x000000070e600000| PB 0x000000070e600000| Untracked |  0
| 116|0x000000070e800000, 0x000000070e800000, 0x000000070ea00000|  0%| F|  |TAMS 0x000000070e800000| PB 0x000000070e800000| Untracked |  0
| 117|0x000000070ea00000, 0x000000070ea00000, 0x000000070ec00000|  0%| F|  |TAMS 0x000000070ea00000| PB 0x000000070ea00000| Untracked |  0
| 118|0x000000070ec00000, 0x000000070ec00000, 0x000000070ee00000|  0%| F|  |TAMS 0x000000070ec00000| PB 0x000000070ec00000| Untracked |  0
| 119|0x000000070ee00000, 0x000000070ee00000, 0x000000070f000000|  0%| F|  |TAMS 0x000000070ee00000| PB 0x000000070ee00000| Untracked |  0
| 120|0x000000070f000000, 0x000000070f0a7020, 0x000000070f200000| 32%| S|CS|TAMS 0x000000070f000000| PB 0x000000070f000000| Complete |  0
| 121|0x000000070f200000, 0x000000070f400000, 0x000000070f400000|100%| S|CS|TAMS 0x000000070f200000| PB 0x000000070f200000| Complete |  0
| 122|0x000000070f400000, 0x000000070f600000, 0x000000070f600000|100%| S|CS|TAMS 0x000000070f400000| PB 0x000000070f400000| Complete |  0
| 123|0x000000070f600000, 0x000000070f800000, 0x000000070f800000|100%| S|CS|TAMS 0x000000070f600000| PB 0x000000070f600000| Complete |  0
| 124|0x000000070f800000, 0x000000070f800000, 0x000000070fa00000|  0%| F|  |TAMS 0x000000070f800000| PB 0x000000070f800000| Untracked |  0
| 125|0x000000070fa00000, 0x000000070fa00000, 0x000000070fc00000|  0%| F|  |TAMS 0x000000070fa00000| PB 0x000000070fa00000| Untracked |  0
| 126|0x000000070fc00000, 0x000000070fc00000, 0x000000070fe00000|  0%| F|  |TAMS 0x000000070fc00000| PB 0x000000070fc00000| Untracked |  0
| 127|0x000000070fe00000, 0x000000070fe00000, 0x0000000710000000|  0%| F|  |TAMS 0x000000070fe00000| PB 0x000000070fe00000| Untracked |  0
| 128|0x0000000710000000, 0x0000000710000000, 0x0000000710200000|  0%| F|  |TAMS 0x0000000710000000| PB 0x0000000710000000| Untracked |  0
| 129|0x0000000710200000, 0x0000000710200000, 0x0000000710400000|  0%| F|  |TAMS 0x0000000710200000| PB 0x0000000710200000| Untracked |  0
| 130|0x0000000710400000, 0x0000000710400000, 0x0000000710600000|  0%| F|  |TAMS 0x0000000710400000| PB 0x0000000710400000| Untracked |  0
| 131|0x0000000710600000, 0x0000000710600000, 0x0000000710800000|  0%| F|  |TAMS 0x0000000710600000| PB 0x0000000710600000| Untracked |  0
| 132|0x0000000710800000, 0x0000000710800000, 0x0000000710a00000|  0%| F|  |TAMS 0x0000000710800000| PB 0x0000000710800000| Untracked |  0
| 133|0x0000000710a00000, 0x0000000710a00000, 0x0000000710c00000|  0%| F|  |TAMS 0x0000000710a00000| PB 0x0000000710a00000| Untracked |  0
| 134|0x0000000710c00000, 0x0000000710c00000, 0x0000000710e00000|  0%| F|  |TAMS 0x0000000710c00000| PB 0x0000000710c00000| Untracked |  0
| 135|0x0000000710e00000, 0x0000000710e00000, 0x0000000711000000|  0%| F|  |TAMS 0x0000000710e00000| PB 0x0000000710e00000| Untracked |  0
| 136|0x0000000711000000, 0x0000000711000000, 0x0000000711200000|  0%| F|  |TAMS 0x0000000711000000| PB 0x0000000711000000| Untracked |  0
| 137|0x0000000711200000, 0x0000000711200000, 0x0000000711400000|  0%| F|  |TAMS 0x0000000711200000| PB 0x0000000711200000| Untracked |  0
| 138|0x0000000711400000, 0x0000000711400000, 0x0000000711600000|  0%| F|  |TAMS 0x0000000711400000| PB 0x0000000711400000| Untracked |  0
| 139|0x0000000711600000, 0x0000000711600000, 0x0000000711800000|  0%| F|  |TAMS 0x0000000711600000| PB 0x0000000711600000| Untracked |  0
| 140|0x0000000711800000, 0x0000000711800000, 0x0000000711a00000|  0%| F|  |TAMS 0x0000000711800000| PB 0x0000000711800000| Untracked |  0
| 141|0x0000000711a00000, 0x0000000711a00000, 0x0000000711c00000|  0%| F|  |TAMS 0x0000000711a00000| PB 0x0000000711a00000| Untracked |  0
| 142|0x0000000711c00000, 0x0000000711c00000, 0x0000000711e00000|  0%| F|  |TAMS 0x0000000711c00000| PB 0x0000000711c00000| Untracked |  0
| 143|0x0000000711e00000, 0x0000000711e00000, 0x0000000712000000|  0%| F|  |TAMS 0x0000000711e00000| PB 0x0000000711e00000| Untracked |  0
| 144|0x0000000712000000, 0x0000000712000000, 0x0000000712200000|  0%| F|  |TAMS 0x0000000712000000| PB 0x0000000712000000| Untracked |  0
| 145|0x0000000712200000, 0x0000000712200000, 0x0000000712400000|  0%| F|  |TAMS 0x0000000712200000| PB 0x0000000712200000| Untracked |  0
| 146|0x0000000712400000, 0x0000000712400000, 0x0000000712600000|  0%| F|  |TAMS 0x0000000712400000| PB 0x0000000712400000| Untracked |  0
| 147|0x0000000712600000, 0x0000000712600000, 0x0000000712800000|  0%| F|  |TAMS 0x0000000712600000| PB 0x0000000712600000| Untracked |  0
| 148|0x0000000712800000, 0x0000000712800000, 0x0000000712a00000|  0%| F|  |TAMS 0x0000000712800000| PB 0x0000000712800000| Untracked |  0
| 149|0x0000000712a00000, 0x0000000712a00000, 0x0000000712c00000|  0%| F|  |TAMS 0x0000000712a00000| PB 0x0000000712a00000| Untracked |  0
| 150|0x0000000712c00000, 0x0000000712c00000, 0x0000000712e00000|  0%| F|  |TAMS 0x0000000712c00000| PB 0x0000000712c00000| Untracked |  0
| 151|0x0000000712e00000, 0x0000000712e00000, 0x0000000713000000|  0%| F|  |TAMS 0x0000000712e00000| PB 0x0000000712e00000| Untracked |  0
| 152|0x0000000713000000, 0x0000000713000000, 0x0000000713200000|  0%| F|  |TAMS 0x0000000713000000| PB 0x0000000713000000| Untracked |  0
| 153|0x0000000713200000, 0x0000000713200000, 0x0000000713400000|  0%| F|  |TAMS 0x0000000713200000| PB 0x0000000713200000| Untracked |  0
| 154|0x0000000713400000, 0x0000000713400000, 0x0000000713600000|  0%| F|  |TAMS 0x0000000713400000| PB 0x0000000713400000| Untracked |  0
| 155|0x0000000713600000, 0x0000000713600000, 0x0000000713800000|  0%| F|  |TAMS 0x0000000713600000| PB 0x0000000713600000| Untracked |  0
| 156|0x0000000713800000, 0x0000000713800000, 0x0000000713a00000|  0%| F|  |TAMS 0x0000000713800000| PB 0x0000000713800000| Untracked |  0
| 157|0x0000000713a00000, 0x0000000713a00000, 0x0000000713c00000|  0%| F|  |TAMS 0x0000000713a00000| PB 0x0000000713a00000| Untracked |  0
| 158|0x0000000713c00000, 0x0000000713c00000, 0x0000000713e00000|  0%| F|  |TAMS 0x0000000713c00000| PB 0x0000000713c00000| Untracked |  0
| 159|0x0000000713e00000, 0x0000000713f31fd0, 0x0000000714000000| 59%| E|  |TAMS 0x0000000713e00000| PB 0x0000000713e00000| Complete |  0
| 160|0x0000000714000000, 0x0000000714200000, 0x0000000714200000|100%| E|CS|TAMS 0x0000000714000000| PB 0x0000000714000000| Complete |  0
| 161|0x0000000714200000, 0x0000000714400000, 0x0000000714400000|100%| E|CS|TAMS 0x0000000714200000| PB 0x0000000714200000| Complete |  0
| 162|0x0000000714400000, 0x0000000714600000, 0x0000000714600000|100%| E|CS|TAMS 0x0000000714400000| PB 0x0000000714400000| Complete |  0
| 163|0x0000000714600000, 0x0000000714800000, 0x0000000714800000|100%| E|CS|TAMS 0x0000000714600000| PB 0x0000000714600000| Complete |  0
| 164|0x0000000714800000, 0x0000000714a00000, 0x0000000714a00000|100%| E|CS|TAMS 0x0000000714800000| PB 0x0000000714800000| Complete |  0
| 165|0x0000000714a00000, 0x0000000714c00000, 0x0000000714c00000|100%| E|CS|TAMS 0x0000000714a00000| PB 0x0000000714a00000| Complete |  0
| 166|0x0000000714c00000, 0x0000000714e00000, 0x0000000714e00000|100%| E|CS|TAMS 0x0000000714c00000| PB 0x0000000714c00000| Complete |  0
| 167|0x0000000714e00000, 0x0000000715000000, 0x0000000715000000|100%| E|CS|TAMS 0x0000000714e00000| PB 0x0000000714e00000| Complete |  0
| 168|0x0000000715000000, 0x0000000715200000, 0x0000000715200000|100%| E|CS|TAMS 0x0000000715000000| PB 0x0000000715000000| Complete |  0
| 169|0x0000000715200000, 0x0000000715400000, 0x0000000715400000|100%| E|CS|TAMS 0x0000000715200000| PB 0x0000000715200000| Complete |  0
| 170|0x0000000715400000, 0x0000000715600000, 0x0000000715600000|100%| E|CS|TAMS 0x0000000715400000| PB 0x0000000715400000| Complete |  0
|2039|0x00000007fee00000, 0x00000007ff000000, 0x00000007ff000000|100%| E|CS|TAMS 0x00000007fee00000| PB 0x00000007fee00000| Complete |  0
|2040|0x00000007ff000000, 0x00000007ff200000, 0x00000007ff200000|100%| O|  |TAMS 0x00000007ff200000| PB 0x00000007ff200000| Untracked |  0
|2041|0x00000007ff200000, 0x00000007ff400000, 0x00000007ff400000|100%| O|  |TAMS 0x00000007ff400000| PB 0x00000007ff400000| Untracked |  0
|2042|0x00000007ff400000, 0x00000007ff600000, 0x00000007ff600000|100%| O|  |TAMS 0x00000007ff600000| PB 0x00000007ff600000| Untracked |  0
|2043|0x00000007ff600000, 0x00000007ff800000, 0x00000007ff800000|100%| E|CS|TAMS 0x00000007ff600000| PB 0x00000007ff600000| Complete |  0
|2044|0x00000007ff800000, 0x00000007ffa00000, 0x00000007ffa00000|100%| E|CS|TAMS 0x00000007ff800000| PB 0x00000007ff800000| Complete |  0
|2045|0x00000007ffa00000, 0x00000007ffc00000, 0x00000007ffc00000|100%| O|  |TAMS 0x00000007ffc00000| PB 0x00000007ffc00000| Untracked |  0
|2046|0x00000007ffc00000, 0x00000007ffe00000, 0x00000007ffe00000|100%| O|  |TAMS 0x00000007ffe00000| PB 0x00000007ffe00000| Untracked |  0
|2047|0x00000007ffe00000, 0x0000000800000000, 0x0000000800000000|100%| O|  |TAMS 0x0000000800000000| PB 0x0000000800000000| Untracked |  0

Card table byte_map: [0x00000176274f0000,0x0000017627cf0000] _byte_map_base: 0x0000017623cf0000

Marking Bits: (CMBitMap*) 0x000001761441e6b0
 Bits: [0x0000017627cf0000, 0x000001762bcf0000)

Polling page: 0x0000017612180000

Metaspace:
Metaspace        used 156449K, committed 158720K, reserved 1245184K
 class space     used 22794K, committed 23872K, reserved 1048576K

Usage:
  Non-class:    130.52 MB used.
      Class:     22.26 MB used.
       Both:    152.78 MB used.

Virtual space:
  Non-class space:      192.00 MB reserved,     131.69 MB ( 69%) committed,  3 nodes.
      Class space:        1.00 GB reserved,      23.31 MB (  2%) committed,  1 nodes.
             Both:        1.19 GB reserved,     155.00 MB ( 13%) committed. 

Chunk freelists:
   Non-Class:  11.56 MB
       Class:  8.52 MB
        Both:  20.08 MB

MaxMetaspaceSize: unlimited
CompressedClassSpaceSize: 1.00 GB
Initial GC threshold: 21.00 MB
Current GC threshold: 232.62 MB
CDS: off
 - commit_granule_bytes: 65536.
 - commit_granule_words: 8192.
 - virtual_space_node_default_size: 8388608.
 - enlarge_chunks_in_place: 1.
UseCompressedClassPointers 1, UseCompactObjectHeaders 0
Narrow klass pointer bits 32, Max shift 3
Narrow klass base: 0x0000000000000000, Narrow klass shift: 0
Encoding Range: [0x0000000000000000 - 0x0000000100000000), (4294967296 bytes)
Klass Range:    [0x0000000082000000 - 0x00000000c2000000), (1073741824 bytes)
Klass ID Range:  [2181038080 - 3254779897) (1073741817)
No protection zone.


Internal statistics:

num_allocs_failed_limit: 12.
num_arena_births: 4344.
num_arena_deaths: 12.
num_vsnodes_births: 4.
num_vsnodes_deaths: 0.
num_space_committed: 2479.
num_space_uncommitted: 0.
num_chunks_returned_to_freelist: 27.
num_chunks_taken_from_freelist: 10678.
num_chunk_merges: 10.
num_chunk_splits: 7278.
num_chunks_enlarged: 5007.
num_inconsistent_stats: 0.

CodeHeap 'non-profiled nmethods': size=120064Kb used=8894Kb max_used=9799Kb free=111169Kb
 bounds [0x000001761f370000, 0x000001761fd10000, 0x00000176268b0000]
CodeHeap 'profiled nmethods': size=120064Kb used=25237Kb max_used=27144Kb free=94826Kb
 bounds [0x0000017617890000, 0x0000017619320000, 0x000001761edd0000]
CodeHeap 'non-nmethods': size=5760Kb used=2394Kb max_used=2551Kb free=3365Kb
 bounds [0x000001761edd0000, 0x000001761f070000, 0x000001761f370000]
CodeCache: size=245888Kb, used=36525Kb, max_used=39494Kb, free=209360Kb
 total_blobs=18632, nmethods=17625, adapters=909, full_count=0
Compilation: enabled, stopped_count=0, restarted_count=0

Compilation events (20 events):
Event: 97.523 Thread 0x000001762e54d640 nmethod 22291 0x000001761930fd08 code [0x000001761930fe00, 0x000001761930ff28]
Event: 97.523 Thread 0x000001762e54d640 22280   !   2       com.android.tools.r8.internal.v00::s2 (25 bytes)
Event: 97.523 Thread 0x000001762e54d640 nmethod 22280 0x0000017619310008 code [0x0000017619310100, 0x00000176193103d0]
Event: 97.523 Thread 0x000001762e54d640 22293       2       com.android.tools.r8.internal.dp::a (115 bytes)
Event: 97.524 Thread 0x000001762e54d640 nmethod 22293 0x0000017619310408 code [0x0000017619310500, 0x0000017619310ac8]
Event: 97.524 Thread 0x000001762e54d640 22282       2       com.android.tools.r8.internal.t3::b (44 bytes)
Event: 97.524 Thread 0x000001762e54d640 nmethod 22282 0x0000017619310b08 code [0x0000017619310c00, 0x0000017619310d48]
Event: 97.524 Thread 0x000001762e54d640 22283       2       com.android.tools.r8.internal.t3::a (901 bytes)
Event: 97.525 Thread 0x000001762e5266e0 nmethod 21727 0x000001761fcf9288 code [0x000001761fcf9380, 0x000001761fd010b8]
Event: 97.525 Thread 0x000001762e5266e0 22012       4       com.android.tools.r8.internal.i91::getKey (34 bytes)
Event: 97.526 Thread 0x000001762e54d640 nmethod 22283 0x0000017619310e08 code [0x0000017619310f00, 0x0000017619312168]
Event: 97.526 Thread 0x000001762e54d640 22295 %     3       com.android.tools.r8.internal.az0::a @ 968 (3848 bytes)
Event: 97.527 Thread 0x000001762e5266e0 nmethod 22012 0x000001761fd01108 code [0x000001761fd01200, 0x000001761fd013c8]
Event: 97.527 Thread 0x000001762e5266e0 22013       4       com.android.tools.r8.internal.i91::getKey (62 bytes)
Event: 97.530 Thread 0x000001762e5266e0 nmethod 22013 0x000001761fd01408 code [0x000001761fd01500, 0x000001761fd016c8]
Event: 97.530 Thread 0x000001762e5266e0 22003       4       com.android.tools.r8.internal.sx1::e (137 bytes)
Event: 97.533 Thread 0x000001762e5266e0 nmethod 22003 0x000001761fd01708 code [0x000001761fd01800, 0x000001761fd01968]
Event: 97.533 Thread 0x000001762e5266e0 22224       4       com.android.tools.r8.internal.sx1::c (54 bytes)
Event: 97.536 Thread 0x000001762e5266e0 nmethod 22224 0x000001761fd01a08 code [0x000001761fd01b00, 0x000001761fd01d30]
Event: 97.536 Thread 0x000001762e5266e0 22215       4       com.android.tools.r8.internal.sx1::b (94 bytes)

GC Heap Usage History (20 events):
Event: 58.392 {heap Before GC invocations=60 (full 0):
 garbage-first heap   total reserved 4194304K, committed 294912K, used 267335K [0x0000000700000000, 0x0000000800000000)
  region size 2048K, 55 young (112640K), 5 survivors (10240K)
}
Event: 58.404 {heap After GC invocations=61 (full 0):
 garbage-first heap   total reserved 4194304K, committed 294912K, used 171605K [0x0000000700000000, 0x0000000800000000)
  region size 2048K, 5 young (10240K), 5 survivors (10240K)
}
Event: 59.008 {heap Before GC invocations=62 (full 0):
 garbage-first heap   total reserved 4194304K, committed 294912K, used 267861K [0x0000000700000000, 0x0000000800000000)
  region size 2048K, 53 young (108544K), 5 survivors (10240K)
}
Event: 59.020 {heap After GC invocations=63 (full 0):
 garbage-first heap   total reserved 4194304K, committed 294912K, used 174287K [0x0000000700000000, 0x0000000800000000)
  region size 2048K, 4 young (8192K), 4 survivors (8192K)
}
Event: 59.465 {heap Before GC invocations=63 (full 0):
 garbage-first heap   total reserved 4194304K, committed 294912K, used 268495K [0x0000000700000000, 0x0000000800000000)
  region size 2048K, 51 young (104448K), 4 survivors (8192K)
}
Event: 59.479 {heap After GC invocations=64 (full 0):
 garbage-first heap   total reserved 4194304K, committed 294912K, used 174129K [0x0000000700000000, 0x0000000800000000)
  region size 2048K, 5 young (10240K), 5 survivors (10240K)
}
Event: 59.999 {heap Before GC invocations=64 (full 0):
 garbage-first heap   total reserved 4194304K, committed 294912K, used 268337K [0x0000000700000000, 0x0000000800000000)
  region size 2048K, 52 young (106496K), 5 survivors (10240K)
}
Event: 60.010 {heap After GC invocations=65 (full 0):
 garbage-first heap   total reserved 4194304K, committed 356352K, used 176854K [0x0000000700000000, 0x0000000800000000)
  region size 2048K, 4 young (8192K), 4 survivors (8192K)
}
Event: 91.542 {heap Before GC invocations=66 (full 0):
 garbage-first heap   total reserved 4194304K, committed 356352K, used 326358K [0x0000000700000000, 0x0000000800000000)
  region size 2048K, 78 young (159744K), 4 survivors (8192K)
}
Event: 91.557 {heap After GC invocations=67 (full 0):
 garbage-first heap   total reserved 4194304K, committed 356352K, used 186500K [0x0000000700000000, 0x0000000800000000)
  region size 2048K, 9 young (18432K), 9 survivors (18432K)
}
Event: 92.800 {heap Before GC invocations=67 (full 0):
 garbage-first heap   total reserved 4194304K, committed 356352K, used 321668K [0x0000000700000000, 0x0000000800000000)
  region size 2048K, 76 young (155648K), 9 survivors (18432K)
}
Event: 92.834 {heap After GC invocations=68 (full 0):
 garbage-first heap   total reserved 4194304K, committed 364544K, used 200460K [0x0000000700000000, 0x0000000800000000)
  region size 2048K, 10 young (20480K), 10 survivors (20480K)
}
Event: 93.532 {heap Before GC invocations=68 (full 0):
 garbage-first heap   total reserved 4194304K, committed 364544K, used 325388K [0x0000000700000000, 0x0000000800000000)
  region size 2048K, 72 young (147456K), 10 survivors (20480K)
}
Event: 93.551 {heap After GC invocations=69 (full 0):
 garbage-first heap   total reserved 4194304K, committed 364544K, used 210269K [0x0000000700000000, 0x0000000800000000)
  region size 2048K, 6 young (12288K), 6 survivors (12288K)
}
Event: 95.510 {heap Before GC invocations=70 (full 0):
 garbage-first heap   total reserved 4194304K, committed 364544K, used 327005K [0x0000000700000000, 0x0000000800000000)
  region size 2048K, 64 young (131072K), 6 survivors (12288K)
}
Event: 95.535 {heap After GC invocations=71 (full 0):
 garbage-first heap   total reserved 4194304K, committed 364544K, used 225271K [0x0000000700000000, 0x0000000800000000)
  region size 2048K, 8 young (16384K), 8 survivors (16384K)
}
Event: 96.131 {heap Before GC invocations=71 (full 0):
 garbage-first heap   total reserved 4194304K, committed 364544K, used 327671K [0x0000000700000000, 0x0000000800000000)
  region size 2048K, 59 young (120832K), 8 survivors (16384K)
}
Event: 96.171 {heap After GC invocations=72 (full 0):
 garbage-first heap   total reserved 4194304K, committed 368640K, used 236687K [0x0000000700000000, 0x0000000800000000)
  region size 2048K, 8 young (16384K), 8 survivors (16384K)
}
Event: 97.122 {heap Before GC invocations=72 (full 0):
 garbage-first heap   total reserved 4194304K, committed 368640K, used 332943K [0x0000000700000000, 0x0000000800000000)
  region size 2048K, 56 young (114688K), 8 survivors (16384K)
}
Event: 97.143 {heap After GC invocations=73 (full 0):
 garbage-first heap   total reserved 4194304K, committed 368640K, used 242332K [0x0000000700000000, 0x0000000800000000)
  region size 2048K, 4 young (8192K), 4 survivors (8192K)
}

Metaspace Usage History (20 events):
Event: 58.392 {metaspace Before GC invocations=60 (full 0):
 Metaspace       used 135641K, committed 137792K, reserved 1179648K
  class space    used 19657K, committed 20672K, reserved 1048576K
}
Event: 58.404 {metaspace After GC invocations=61 (full 0):
 Metaspace       used 135641K, committed 137792K, reserved 1179648K
  class space    used 19657K, committed 20672K, reserved 1048576K
}
Event: 59.008 {metaspace Before GC invocations=62 (full 0):
 Metaspace       used 135653K, committed 137856K, reserved 1179648K
  class space    used 19658K, committed 20672K, reserved 1048576K
}
Event: 59.020 {metaspace After GC invocations=63 (full 0):
 Metaspace       used 135653K, committed 137856K, reserved 1179648K
  class space    used 19658K, committed 20672K, reserved 1048576K
}
Event: 59.465 {metaspace Before GC invocations=63 (full 0):
 Metaspace       used 135689K, committed 137856K, reserved 1179648K
  class space    used 19660K, committed 20672K, reserved 1048576K
}
Event: 59.479 {metaspace After GC invocations=64 (full 0):
 Metaspace       used 135689K, committed 137856K, reserved 1179648K
  class space    used 19660K, committed 20672K, reserved 1048576K
}
Event: 59.999 {metaspace Before GC invocations=64 (full 0):
 Metaspace       used 135719K, committed 137920K, reserved 1179648K
  class space    used 19660K, committed 20672K, reserved 1048576K
}
Event: 60.010 {metaspace After GC invocations=65 (full 0):
 Metaspace       used 135719K, committed 137920K, reserved 1179648K
  class space    used 19660K, committed 20672K, reserved 1048576K
}
Event: 91.542 {metaspace Before GC invocations=66 (full 0):
 Metaspace       used 137843K, committed 140032K, reserved 1179648K
  class space    used 19836K, committed 20864K, reserved 1048576K
}
Event: 91.557 {metaspace After GC invocations=67 (full 0):
 Metaspace       used 137843K, committed 140032K, reserved 1179648K
  class space    used 19836K, committed 20864K, reserved 1048576K
}
Event: 92.800 {metaspace Before GC invocations=67 (full 0):
 Metaspace       used 138137K, committed 140288K, reserved 1179648K
  class space    used 19882K, committed 20864K, reserved 1048576K
}
Event: 92.834 {metaspace After GC invocations=68 (full 0):
 Metaspace       used 138137K, committed 140288K, reserved 1179648K
  class space    used 19882K, committed 20864K, reserved 1048576K
}
Event: 93.532 {metaspace Before GC invocations=68 (full 0):
 Metaspace       used 139769K, committed 142016K, reserved 1179648K
  class space    used 20102K, committed 21184K, reserved 1048576K
}
Event: 93.551 {metaspace After GC invocations=69 (full 0):
 Metaspace       used 139769K, committed 142016K, reserved 1179648K
  class space    used 20102K, committed 21184K, reserved 1048576K
}
Event: 95.510 {metaspace Before GC invocations=70 (full 0):
 Metaspace       used 146609K, committed 148864K, reserved 1179648K
  class space    used 21170K, committed 22272K, reserved 1048576K
}
Event: 95.535 {metaspace After GC invocations=71 (full 0):
 Metaspace       used 146609K, committed 148864K, reserved 1179648K
  class space    used 21170K, committed 22272K, reserved 1048576K
}
Event: 96.131 {metaspace Before GC invocations=71 (full 0):
 Metaspace       used 150210K, committed 152384K, reserved 1179648K
  class space    used 21802K, committed 22848K, reserved 1048576K
}
Event: 96.171 {metaspace After GC invocations=72 (full 0):
 Metaspace       used 150210K, committed 152384K, reserved 1179648K
  class space    used 21802K, committed 22848K, reserved 1048576K
}
Event: 97.122 {metaspace Before GC invocations=72 (full 0):
 Metaspace       used 156024K, committed 158272K, reserved 1245184K
  class space    used 22789K, committed 23872K, reserved 1048576K
}
Event: 97.143 {metaspace After GC invocations=73 (full 0):
 Metaspace       used 156024K, committed 158272K, reserved 1245184K
  class space    used 22789K, committed 23872K, reserved 1048576K
}

Dll operation events (3 events):
Event: 0.202 Loaded shared library C:\Program Files\Android\Android Studio1\jbr\bin\java.dll
Event: 0.251 Loaded shared library C:\Program Files\Android\Android Studio1\jbr\bin\zip.dll
Event: 7.507 Loaded shared library C:\Program Files\Android\Android Studio1\jbr\bin\verify.dll

Deoptimization events (20 events):
Event: 97.512 Thread 0x000001763e4adec0 DEOPT PACKING pc=0x000001761f6c3e80 sp=0x0000000816efc860
Event: 97.512 Thread 0x000001763e4adec0 DEOPT UNPACKING pc=0x000001761ee67e02 sp=0x0000000816efc7b8 mode 2
Event: 97.526 Thread 0x000001763da4f690 Uncommon trap: trap_request=0xffffffde fr.pc=0x000001761fcfe688 relative=0x0000000000005308
Event: 97.526 Thread 0x000001763da4f690 Uncommon trap: reason=class_check action=maybe_recompile pc=0x000001761fcfe688 method=com.android.tools.r8.internal.o14.a(Lcom/android/tools/r8/internal/hx3;)Lcom/android/tools/r8/internal/o14; @ 12 c2
Event: 97.526 Thread 0x000001763da4f690 DEOPT PACKING pc=0x000001761fcfe688 sp=0x00000008175fb960
Event: 97.526 Thread 0x000001763da4f690 DEOPT UNPACKING pc=0x000001761ee67e02 sp=0x00000008175fb8f0 mode 2
Event: 97.526 Thread 0x000001763da4f690 Uncommon trap: trap_request=0xffffffde fr.pc=0x000001761fcfe688 relative=0x0000000000005308
Event: 97.526 Thread 0x000001763da4f690 Uncommon trap: reason=class_check action=maybe_recompile pc=0x000001761fcfe688 method=com.android.tools.r8.internal.o14.a(Lcom/android/tools/r8/internal/hx3;)Lcom/android/tools/r8/internal/o14; @ 12 c2
Event: 97.526 Thread 0x000001763da4f690 DEOPT PACKING pc=0x000001761fcfe688 sp=0x00000008175fbcf0
Event: 97.526 Thread 0x000001763da4f690 DEOPT UNPACKING pc=0x000001761ee67e02 sp=0x00000008175fbc80 mode 2
Event: 97.529 Thread 0x000001763da4f690 Uncommon trap: trap_request=0xffffffde fr.pc=0x000001761fcfe688 relative=0x0000000000005308
Event: 97.529 Thread 0x000001763da4f690 Uncommon trap: reason=class_check action=maybe_recompile pc=0x000001761fcfe688 method=com.android.tools.r8.internal.o14.a(Lcom/android/tools/r8/internal/hx3;)Lcom/android/tools/r8/internal/o14; @ 12 c2
Event: 97.529 Thread 0x000001763da4f690 DEOPT PACKING pc=0x000001761fcfe688 sp=0x00000008175fb960
Event: 97.529 Thread 0x000001763da4f690 DEOPT UNPACKING pc=0x000001761ee67e02 sp=0x00000008175fb8f0 mode 2
Event: 97.530 Thread 0x000001763da4f690 Uncommon trap: trap_request=0xffffffde fr.pc=0x000001761fcfe688 relative=0x0000000000005308
Event: 97.530 Thread 0x000001763da4f690 Uncommon trap: reason=class_check action=maybe_recompile pc=0x000001761fcfe688 method=com.android.tools.r8.internal.o14.a(Lcom/android/tools/r8/internal/hx3;)Lcom/android/tools/r8/internal/o14; @ 12 c2
Event: 97.530 Thread 0x000001763da4f690 DEOPT PACKING pc=0x000001761fcfe688 sp=0x00000008175fbcf0
Event: 97.530 Thread 0x000001763da4f690 DEOPT UNPACKING pc=0x000001761ee67e02 sp=0x00000008175fbc80 mode 2
Event: 97.534 Thread 0x0000017635db56f0 DEOPT PACKING pc=0x0000017619272251 sp=0x00000008126fc690
Event: 97.534 Thread 0x0000017635db56f0 DEOPT UNPACKING pc=0x000001761ee212a2 sp=0x00000008126fbdd0 mode 0

Classes loaded (20 events):
Event: 93.314 Loading class java/nio/file/DirectoryNotEmptyException
Event: 93.315 Loading class java/nio/file/DirectoryNotEmptyException done
Event: 93.708 Loading class java/io/UTFDataFormatException
Event: 93.708 Loading class java/io/UTFDataFormatException done
Event: 93.856 Loading class sun/rmi/transport/DGCClient$EndpointEntry$CleanRequest
Event: 93.857 Loading class sun/rmi/transport/DGCClient$EndpointEntry$CleanRequest done
Event: 96.469 Loading class java/util/IdentityHashMap$EntrySet
Event: 96.469 Loading class java/util/IdentityHashMap$EntrySet done
Event: 96.469 Loading class java/util/IdentityHashMap$EntrySpliterator
Event: 96.470 Loading class java/util/IdentityHashMap$IdentityHashMapSpliterator
Event: 96.470 Loading class java/util/IdentityHashMap$IdentityHashMapSpliterator done
Event: 96.470 Loading class java/util/IdentityHashMap$EntrySpliterator done
Event: 96.471 Loading class java/util/stream/SortedOps$RefSortingSink
Event: 96.472 Loading class java/util/stream/SortedOps$RefSortingSink done
Event: 96.533 Loading class java/util/IdentityHashMap$ValueIterator
Event: 96.533 Loading class java/util/IdentityHashMap$ValueIterator done
Event: 97.088 Loading class java/util/concurrent/ConcurrentHashMap$TreeNode
Event: 97.089 Loading class java/util/concurrent/ConcurrentHashMap$TreeNode done
Event: 97.089 Loading class java/util/concurrent/ConcurrentHashMap$TreeBin
Event: 97.090 Loading class java/util/concurrent/ConcurrentHashMap$TreeBin done

Classes unloaded (6 events):
Event: 97.541 Thread 0x000001762e4e6d40 Unloading class 0x00000000835b0c00 'java/lang/invoke/LambdaForm$DMH+0x00000000835b0c00'
Event: 97.541 Thread 0x000001762e4e6d40 Unloading class 0x00000000835b0400 'java/lang/invoke/LambdaForm$DMH+0x00000000835b0400'
Event: 97.541 Thread 0x000001762e4e6d40 Unloading class 0x00000000835b0000 'java/lang/invoke/LambdaForm$DMH+0x00000000835b0000'
Event: 97.541 Thread 0x000001762e4e6d40 Unloading class 0x0000000083548800 'java/lang/invoke/LambdaForm$DMH+0x0000000083548800'
Event: 97.541 Thread 0x000001762e4e6d40 Unloading class 0x0000000083548000 'java/lang/invoke/LambdaForm$DMH+0x0000000083548000'
Event: 97.541 Thread 0x000001762e4e6d40 Unloading class 0x000000008349c400 'java/lang/invoke/LambdaForm$DMH+0x000000008349c400'

Classes redefined (0 events):
No events

Internal exceptions (20 events):
Event: 97.000 Thread 0x0000017638b764d0 Exception <a 'sun/nio/fs/WindowsException'{0x00000007109fb7e8}> (0x00000007109fb7e8) 
thrown [s\src\hotspot\share\prims\jni.cpp, line 535]
Event: 97.002 Thread 0x0000017638b764d0 Exception <a 'sun/nio/fs/WindowsException'{0x0000000710654cc8}> (0x0000000710654cc8) 
thrown [s\src\hotspot\share\prims\jni.cpp, line 535]
Event: 97.003 Thread 0x0000017638b764d0 Exception <a 'sun/nio/fs/WindowsException'{0x000000071065c350}> (0x000000071065c350) 
thrown [s\src\hotspot\share\prims\jni.cpp, line 535]
Event: 97.003 Thread 0x0000017638b764d0 Exception <a 'sun/nio/fs/WindowsException'{0x00000007106639f0}> (0x00000007106639f0) 
thrown [s\src\hotspot\share\prims\jni.cpp, line 535]
Event: 97.004 Thread 0x0000017638b764d0 Exception <a 'sun/nio/fs/WindowsException'{0x000000071066b0a0}> (0x000000071066b0a0) 
thrown [s\src\hotspot\share\prims\jni.cpp, line 535]
Event: 97.005 Thread 0x0000017638b764d0 Exception <a 'sun/nio/fs/WindowsException'{0x0000000710672728}> (0x0000000710672728) 
thrown [s\src\hotspot\share\prims\jni.cpp, line 535]
Event: 97.006 Thread 0x0000017638b764d0 Exception <a 'sun/nio/fs/WindowsException'{0x0000000710679db0}> (0x0000000710679db0) 
thrown [s\src\hotspot\share\prims\jni.cpp, line 535]
Event: 97.006 Thread 0x0000017638b764d0 Exception <a 'sun/nio/fs/WindowsException'{0x0000000710681440}> (0x0000000710681440) 
thrown [s\src\hotspot\share\prims\jni.cpp, line 535]
Event: 97.007 Thread 0x0000017638b764d0 Exception <a 'sun/nio/fs/WindowsException'{0x0000000710688ae8}> (0x0000000710688ae8) 
thrown [s\src\hotspot\share\prims\jni.cpp, line 535]
Event: 97.008 Thread 0x0000017638b764d0 Exception <a 'sun/nio/fs/WindowsException'{0x0000000710690178}> (0x0000000710690178) 
thrown [s\src\hotspot\share\prims\jni.cpp, line 535]
Event: 97.008 Thread 0x0000017638b764d0 Exception <a 'sun/nio/fs/WindowsException'{0x0000000710697808}> (0x0000000710697808) 
thrown [s\src\hotspot\share\prims\jni.cpp, line 535]
Event: 97.009 Thread 0x0000017638b764d0 Exception <a 'sun/nio/fs/WindowsException'{0x0000000710718488}> (0x0000000710718488) 
thrown [s\src\hotspot\share\prims\jni.cpp, line 535]
Event: 97.102 Thread 0x0000017635db56f0 Exception <a 'sun/nio/fs/WindowsException'{0x000000070fb04a40}> (0x000000070fb04a40) 
thrown [s\src\hotspot\share\prims\jni.cpp, line 535]
Event: 97.110 Thread 0x0000017638b764d0 Exception <a 'sun/nio/fs/WindowsException'{0x000000070fbb7f50}> (0x000000070fbb7f50) 
thrown [s\src\hotspot\share\prims\jni.cpp, line 535]
Event: 97.347 Thread 0x000001763e4adec0 Exception <a 'sun/nio/fs/WindowsException'{0x0000000714e601b8}> (0x0000000714e601b8) 
thrown [s\src\hotspot\share\prims\jni.cpp, line 535]
Event: 97.348 Thread 0x0000017638b764d0 Exception <a 'sun/nio/fs/WindowsException'{0x0000000714d60d88}> (0x0000000714d60d88) 
thrown [s\src\hotspot\share\prims\jni.cpp, line 535]
Event: 97.372 Thread 0x0000017638b764d0 Exception <a 'sun/nio/fs/WindowsException'{0x0000000714d687b8}> (0x0000000714d687b8) 
thrown [s\src\hotspot\share\prims\jni.cpp, line 535]
Event: 97.382 Thread 0x000001763e4adec0 Exception <a 'sun/nio/fs/WindowsException'{0x0000000714e67db0}> (0x0000000714e67db0) 
thrown [s\src\hotspot\share\prims\jni.cpp, line 535]
Event: 97.393 Thread 0x000001763e4adec0 Exception <a 'sun/nio/fs/WindowsException'{0x0000000714e715e8}> (0x0000000714e715e8) 
thrown [s\src\hotspot\share\prims\jni.cpp, line 535]
Event: 97.394 Thread 0x000001763e4adec0 Exception <a 'sun/nio/fs/WindowsException'{0x00000007149fdab8}> (0x00000007149fdab8) 
thrown [s\src\hotspot\share\prims\jni.cpp, line 535]

VM Operations (20 events):
Event: 96.374 Executing non-safepoint VM operation: HandshakeAllThreads (Deoptimize) done
Event: 96.645 Executing non-safepoint VM operation: HandshakeAllThreads (Deoptimize)
Event: 96.645 Executing non-safepoint VM operation: HandshakeAllThreads (Deoptimize) done
Event: 96.665 Executing non-safepoint VM operation: HandshakeAllThreads (Deoptimize)
Event: 96.666 Executing non-safepoint VM operation: HandshakeAllThreads (Deoptimize) done
Event: 96.681 Executing non-safepoint VM operation: HandshakeAllThreads (Deoptimize)
Event: 96.681 Executing non-safepoint VM operation: HandshakeAllThreads (Deoptimize) done
Event: 96.693 Executing non-safepoint VM operation: HandshakeAllThreads (Deoptimize)
Event: 96.693 Executing non-safepoint VM operation: HandshakeAllThreads (Deoptimize) done
Event: 96.708 Executing non-safepoint VM operation: HandshakeAllThreads (Deoptimize)
Event: 96.709 Executing non-safepoint VM operation: HandshakeAllThreads (Deoptimize) done
Event: 96.745 Executing non-safepoint VM operation: HandshakeAllThreads (Deoptimize)
Event: 96.745 Executing non-safepoint VM operation: HandshakeAllThreads (Deoptimize) done
Event: 96.880 Executing non-safepoint VM operation: HandshakeAllThreads (Deoptimize)
Event: 96.881 Executing non-safepoint VM operation: HandshakeAllThreads (Deoptimize) done
Event: 97.114 Executing non-safepoint VM operation: HandshakeAllThreads (Deoptimize)
Event: 97.121 Executing non-safepoint VM operation: HandshakeAllThreads (Deoptimize) done
Event: 97.121 Executing safepoint VM operation: G1CollectForAllocation (G1 Evacuation Pause)
Event: 97.143 Executing safepoint VM operation: G1CollectForAllocation (G1 Evacuation Pause) done
Event: 97.538 Executing safepoint VM operation: G1PauseRemark

Memory protections (0 events):
No events

Nmethod flushes (20 events):
Event: 97.608 Thread 0x000001762e4e6d40 flushing  nmethod 0x0000017618064408
Event: 97.608 Thread 0x000001762e4e6d40 flushing  nmethod 0x0000017618298188
Event: 97.608 Thread 0x000001762e4e6d40 flushing  nmethod 0x00000176182d5088
Event: 97.608 Thread 0x000001762e4e6d40 flushing  nmethod 0x00000176183c0988
Event: 97.608 Thread 0x000001762e4e6d40 flushing  nmethod 0x00000176185c4c08
Event: 97.608 Thread 0x000001762e4e6d40 flushing  nmethod 0x0000017618719208
Event: 97.608 Thread 0x000001762e4e6d40 flushing  nmethod 0x000001761882d388
Event: 97.608 Thread 0x000001762e4e6d40 flushing  nmethod 0x0000017618864b88
Event: 97.608 Thread 0x000001762e4e6d40 flushing  nmethod 0x00000176188bb908
Event: 97.608 Thread 0x000001762e4e6d40 flushing  nmethod 0x0000017618957188
Event: 97.608 Thread 0x000001762e4e6d40 flushing  nmethod 0x0000017618959e88
Event: 97.608 Thread 0x000001762e4e6d40 flushing  nmethod 0x000001761895c788
Event: 97.608 Thread 0x000001762e4e6d40 flushing  nmethod 0x0000017618a3a608
Event: 97.608 Thread 0x000001762e4e6d40 flushing  nmethod 0x0000017618b2d988
Event: 97.608 Thread 0x000001762e4e6d40 flushing  nmethod 0x0000017618b31b08
Event: 97.608 Thread 0x000001762e4e6d40 flushing  nmethod 0x0000017618b31e08
Event: 97.608 Thread 0x000001762e4e6d40 flushing  nmethod 0x0000017618cf5f88
Event: 97.608 Thread 0x000001762e4e6d40 flushing  nmethod 0x0000017618d7da88
Event: 97.608 Thread 0x000001762e4e6d40 flushing  nmethod 0x0000017618e31008
Event: 97.608 Thread 0x000001762e4e6d40 flushing  nmethod 0x0000017618e31688

Events (20 events):
Event: 57.382 Loaded shared library C:\Program Files\Android\Android Studio1\jbr\bin\rmi.dll
Event: 57.383 Thread 0x000001763e4adec0 Thread added: 0x000001763e4b3c80
Event: 57.592 Thread 0x000001763e4adec0 Thread added: 0x000001763e4b82d0
Event: 57.592 Thread 0x000001763e4adec0 Thread added: 0x000001763e4b8aa0
Event: 57.615 Thread 0x000001763e4b82d0 Thread added: 0x000001763e4b9270
Event: 60.967 Thread 0x0000017635b52df0 Thread exited: 0x0000017635b52df0
Event: 89.897 Thread 0x000001762e5266e0 Thread added: 0x0000017638bb91e0
Event: 90.418 Thread 0x0000017638bb91e0 Thread exited: 0x0000017638bb91e0
Event: 91.154 Thread 0x000001762e54d640 Thread added: 0x0000017638bbb220
Event: 91.340 Thread 0x000001763818d1c0 Thread added: 0x000001763e4bc150
Event: 91.972 Thread 0x0000017638bbb220 Thread exited: 0x0000017638bbb220
Event: 93.190 Thread 0x000001763818d1c0 Thread added: 0x0000017635db56f0
Event: 93.193 Thread 0x000001763818d1c0 Thread added: 0x0000017638b764d0
Event: 93.197 Thread 0x000001763818d1c0 Thread added: 0x000001763da4f690
Event: 93.201 Thread 0x000001763818d1c0 Thread added: 0x000001763da4bfe0
Event: 93.237 Thread 0x000001763818d1c0 Thread added: 0x000001763da4e6f0
Event: 93.247 Thread 0x000001763818d1c0 Thread added: 0x000001763da4c7b0
Event: 93.251 Thread 0x000001763818d1c0 Thread added: 0x000001763da4cf80
Event: 93.863 Thread 0x000001763e4b4c20 Thread exited: 0x000001763e4b4c20
Event: 95.267 Thread 0x000001762e54d640 Thread added: 0x000001763ef93ae0


Dynamic libraries:
0x00007ff7e34d0000 - 0x00007ff7e34da000 	C:\Program Files\Android\Android Studio1\jbr\bin\java.exe
0x00007ffe76d20000 - 0x00007ffe76f87000 	C:\WINDOWS\SYSTEM32\ntdll.dll
0x00007ffe75bb0000 - 0x00007ffe75c7b000 	C:\WINDOWS\System32\KERNEL32.DLL
0x00007ffe74420000 - 0x00007ffe74822000 	C:\WINDOWS\System32\KERNELBASE.dll
0x00007ffe6e140000 - 0x00007ffe6e1df000 	C:\WINDOWS\SYSTEM32\apphelp.dll
0x00007ffe740b0000 - 0x00007ffe741fc000 	C:\WINDOWS\System32\ucrtbase.dll
0x00007ffe4a5e0000 - 0x00007ffe4a5f6000 	C:\Program Files\Android\Android Studio1\jbr\bin\jli.dll
0x00007ffe75200000 - 0x00007ffe753cf000 	C:\WINDOWS\System32\USER32.dll
0x00007ffe74830000 - 0x00007ffe74857000 	C:\WINDOWS\System32\win32u.dll
0x00007ffe753e0000 - 0x00007ffe7540b000 	C:\WINDOWS\System32\GDI32.dll
0x00007ffe74910000 - 0x00007ffe74a39000 	C:\WINDOWS\System32\gdi32full.dll
0x00007ffe74860000 - 0x00007ffe74903000 	C:\WINDOWS\System32\msvcp_win.dll
0x00007ffdf25a0000 - 0x00007ffdf25bb000 	C:\Program Files\Android\Android Studio1\jbr\bin\VCRUNTIME140.dll
0x00007ffe53360000 - 0x00007ffe535f0000 	C:\WINDOWS\WinSxS\amd64_microsoft.windows.common-controls_6595b64144ccf1df_6.0.26100.9278_none_3e0d1ba8e3303201\COMCTL32.dll
0x00007ffe74b20000 - 0x00007ffe74bc9000 	C:\WINDOWS\System32\msvcrt.dll
0x00007ffe76af0000 - 0x00007ffe76b21000 	C:\WINDOWS\System32\IMM32.DLL
0x00007ffe51b00000 - 0x00007ffe51b0c000 	C:\Program Files\Android\Android Studio1\jbr\bin\vcruntime140_1.dll
0x00007ffde67f0000 - 0x00007ffde687d000 	C:\Program Files\Android\Android Studio1\jbr\bin\msvcp140.dll
0x00007ffdea180000 - 0x00007ffdeb05d000 	C:\Program Files\Android\Android Studio1\jbr\bin\server\jvm.dll
0x00007ffe754a0000 - 0x00007ffe7555c000 	C:\WINDOWS\System32\ADVAPI32.dll
0x00007ffe75b00000 - 0x00007ffe75ba9000 	C:\WINDOWS\System32\sechost.dll
0x00007ffe75570000 - 0x00007ffe75688000 	C:\WINDOWS\System32\RPCRT4.dll
0x00007ffe75690000 - 0x00007ffe75710000 	C:\WINDOWS\System32\WS2_32.dll
0x00007ffe73d70000 - 0x00007ffe73dce000 	C:\WINDOWS\SYSTEM32\POWRPROF.dll
0x00007ffe68ee0000 - 0x00007ffe68f16000 	C:\WINDOWS\SYSTEM32\WINMM.dll
0x00007ffe60700000 - 0x00007ffe6070b000 	C:\WINDOWS\SYSTEM32\VERSION.dll
0x00007ffe73d50000 - 0x00007ffe73d65000 	C:\WINDOWS\SYSTEM32\UMPDC.dll
0x00007ffe72bb0000 - 0x00007ffe72bcb000 	C:\WINDOWS\SYSTEM32\kernel.appcore.dll
0x00007ffe51750000 - 0x00007ffe5175a000 	C:\Program Files\Android\Android Studio1\jbr\bin\jimage.dll
0x00007ffe71500000 - 0x00007ffe7174c000 	C:\WINDOWS\SYSTEM32\DBGHELP.DLL
0x00007ffe75770000 - 0x00007ffe75af5000 	C:\WINDOWS\System32\combase.dll
0x00007ffe74a40000 - 0x00007ffe74b19000 	C:\WINDOWS\System32\OLEAUT32.dll
0x00007ffe4ab40000 - 0x00007ffe4ab7b000 	C:\WINDOWS\SYSTEM32\dbgcore.DLL
0x00007ffe74360000 - 0x00007ffe7440c000 	C:\WINDOWS\System32\bcryptPrimitives.dll
0x00007ffe54270000 - 0x00007ffe5427e000 	C:\Program Files\Android\Android Studio1\jbr\bin\instrument.dll
0x00007ffdf2580000 - 0x00007ffdf259e000 	C:\Program Files\Android\Android Studio1\jbr\bin\java.dll
0x00007ffe76800000 - 0x00007ffe7699a000 	C:\WINDOWS\System32\ole32.dll
0x00007ffe76060000 - 0x00007ffe767f8000 	C:\WINDOWS\System32\SHELL32.dll
0x00007ffdf2560000 - 0x00007ffdf2576000 	C:\Program Files\Android\Android Studio1\jbr\bin\zip.dll
0x00007ffe71940000 - 0x00007ffe721ee000 	C:\WINDOWS\SYSTEM32\windows.storage.dll
0x00007ffe750f0000 - 0x00007ffe751eb000 	C:\WINDOWS\System32\SHCORE.dll
0x00007ffe76c40000 - 0x00007ffe76ca6000 	C:\WINDOWS\System32\shlwapi.dll
0x00007ffe73e40000 - 0x00007ffe73e69000 	C:\WINDOWS\SYSTEM32\profapi.dll
0x00007ffe50730000 - 0x00007ffe50740000 	C:\Program Files\Android\Android Studio1\jbr\bin\net.dll
0x00007ffe73150000 - 0x00007ffe731bc000 	C:\WINDOWS\system32\mswsock.dll
0x00007ffdf2540000 - 0x00007ffdf2556000 	C:\Program Files\Android\Android Studio1\jbr\bin\nio.dll
0x00007ffe453e0000 - 0x00007ffe453f0000 	C:\Program Files\Android\Android Studio1\jbr\bin\verify.dll
0x00007ffe52b10000 - 0x00007ffe52b37000 	C:\Users\hp\.gradle\native\660c5614fbf4a5f2a75b1949f50a0caf5cd603558e7d8a26e50b933a0cfb79d1\windows-amd64\native-platform.dll
0x00007ffe34ef0000 - 0x00007ffe34f67000 	C:\Users\hp\.gradle\native\0.2.8\x86_64-windows-gnu\gradle-fileevents.dll
0x00007ffe50180000 - 0x00007ffe50189000 	C:\Program Files\Android\Android Studio1\jbr\bin\management.dll
0x00007ffe4ec60000 - 0x00007ffe4ec6b000 	C:\Program Files\Android\Android Studio1\jbr\bin\management_ext.dll
0x00007ffe74bd0000 - 0x00007ffe74bd8000 	C:\WINDOWS\System32\PSAPI.DLL
0x00007ffe725b0000 - 0x00007ffe725e3000 	C:\WINDOWS\SYSTEM32\IPHLPAPI.DLL
0x00007ffe751f0000 - 0x00007ffe751fa000 	C:\WINDOWS\System32\NSI.dll
0x00007ffe530a0000 - 0x00007ffe530a9000 	C:\Program Files\Android\Android Studio1\jbr\bin\extnet.dll
0x00007ffe73570000 - 0x00007ffe7358b000 	C:\WINDOWS\SYSTEM32\CRYPTSP.dll
0x00007ffe72b10000 - 0x00007ffe72b49000 	C:\WINDOWS\system32\rsaenh.dll
0x00007ffe73200000 - 0x00007ffe73234000 	C:\WINDOWS\SYSTEM32\USERENV.dll
0x00007ffe73e10000 - 0x00007ffe73e3a000 	C:\WINDOWS\SYSTEM32\bcrypt.dll
0x00007ffe733b0000 - 0x00007ffe733bc000 	C:\WINDOWS\SYSTEM32\CRYPTBASE.dll
0x00007ffe530b0000 - 0x00007ffe530b8000 	C:\WINDOWS\system32\wshunix.dll
0x00007ffe54280000 - 0x00007ffe54287000 	C:\Program Files\Android\Android Studio1\jbr\bin\rmi.dll

JVMTI agents:
C:\Users\hp\.gradle\wrapper\dists\gradle-9.8.0-bin\3m7h6ceboy5k31n8kzwzuxssm\gradle-9.8.0\lib\agents\gradle-instrumentation-agent-9.8.0.jar path:C:\Program Files\Android\Android Studio1\jbr\bin\instrument.dll, loaded, initialized, instrumentlib options:none

dbghelp: loaded successfully - version: 4.0.5 - missing functions: none
symbol engine: initialized successfully - sym options: 0x614 - pdb path: .;C:\Program Files\Android\Android Studio1\jbr\bin;C:\WINDOWS\SYSTEM32;C:\WINDOWS\WinSxS\amd64_microsoft.windows.common-controls_6595b64144ccf1df_6.0.26100.9278_none_3e0d1ba8e3303201;C:\Program Files\Android\Android Studio1\jbr\bin\server;C:\Users\hp\.gradle\native\660c5614fbf4a5f2a75b1949f50a0caf5cd603558e7d8a26e50b933a0cfb79d1\windows-amd64;C:\Users\hp\.gradle\native\0.2.8\x86_64-windows-gnu

VM Arguments:
jvm_args: --add-opens=java.base/java.lang=ALL-UNNAMED --add-opens=java.base/java.lang.invoke=ALL-UNNAMED --add-opens=java.base/java.util=ALL-UNNAMED --add-opens=java.prefs/java.util.prefs=ALL-UNNAMED --add-exports=jdk.compiler/com.sun.tools.javac.api=ALL-UNNAMED --add-exports=jdk.compiler/com.sun.tools.javac.util=ALL-UNNAMED --add-opens=java.base/java.nio.charset=ALL-UNNAMED --add-opens=java.base/java.net=ALL-UNNAMED --add-opens=java.base/java.util.concurrent=ALL-UNNAMED --add-opens=java.base/java.util.concurrent.atomic=ALL-UNNAMED --add-opens=java.xml/javax.xml.namespace=ALL-UNNAMED --add-opens=java.base/java.time=ALL-UNNAMED --sun-misc-unsafe-memory-access=allow --enable-native-access=ALL-UNNAMED -Xmx4g -Dfile.encoding=UTF-8 -Duser.country=US -Duser.language=en -Duser.variant -javaagent:C:\Users\hp\.gradle\wrapper\dists\gradle-9.8.0-bin\3m7h6ceboy5k31n8kzwzuxssm\gradle-9.8.0\lib\agents\gradle-instrumentation-agent-9.8.0.jar 
java_command: org.gradle.launcher.daemon.bootstrap.GradleDaemon 9.8.0
java_class_path (initial): C:\Users\hp\.gradle\wrapper\dists\gradle-9.8.0-bin\3m7h6ceboy5k31n8kzwzuxssm\gradle-9.8.0\lib\gradle-daemon-main-9.8.0.jar
Launcher Type: SUN_STANDARD

[Global flags]
     intx CICompilerCount                          = 4                                         {product} {ergonomic}
     uint ConcGCThreads                            = 2                                         {product} {ergonomic}
     uint G1ConcRefinementThreads                  = 8                                         {product} {ergonomic}
   size_t G1HeapRegionSize                         = 2097152                                   {product} {ergonomic}
   size_t InitialHeapSize                          = 264241152                                 {product} {ergonomic}
   size_t MarkStackSize                            = 4194304                                   {product} {ergonomic}
   size_t MarkStackSizeMax                         = 536870912                                 {product} {ergonomic}
   size_t MaxHeapSize                              = 4294967296                                {product} {command line}
   size_t MaxNewSize                               = 2575302656                                {product} {ergonomic}
   size_t MinHeapDeltaBytes                        = 2097152                                   {product} {ergonomic}
   size_t MinHeapSize                              = 8388608                                   {product} {ergonomic}
    uintx NonNMethodCodeHeapSize                   = 5898240                                {pd product} {ergonomic}
    uintx NonProfiledCodeHeapSize                  = 122945536                              {pd product} {ergonomic}
    uintx ProfiledCodeHeapSize                     = 122945536                              {pd product} {ergonomic}
    uintx ReservedCodeCacheSize                    = 251789312                              {pd product} {ergonomic}
     bool SegmentedCodeCache                       = true                                      {product} {ergonomic}
   size_t SoftMaxHeapSize                          = 4294967296                             {manageable} {ergonomic}
     bool UseCompressedOops                        = true                           {product lp64_product} {ergonomic}
     bool UseG1GC                                  = true                                      {product} {ergonomic}
     bool UseLargePagesIndividualAllocation        = false                                  {pd product} {ergonomic}

Logging:
Log output configuration:
 #0: stdout all=warning uptime,level,tags foldmultilines=false
 #1: stderr all=off uptime,level,tags foldmultilines=false

Release file:
JAVA_VERSION="25.0.3" 
MODULES="java.base java.compiler java.datatransfer java.xml java.prefs java.desktop java.instrument java.logging java.management java.security.sasl java.naming java.rmi java.management.rmi java.net.http java.scripting java.security.jgss java.transaction.xa java.sql java.sql.rowset java.xml.crypto java.se java.smartcardio jdk.accessibility jdk.internal.jvmstat jdk.attach jdk.charsets jdk.internal.opt jdk.zipfs jdk.compiler jdk.crypto.cryptoki jdk.crypto.ec jdk.dynalink jdk.hotspot.agent jdk.httpserver jdk.internal.ed jdk.internal.le jdk.internal.md jdk.internal.vm.ci jdk.jartool jdk.javadoc jdk.jcmd jdk.jdeps jdk.jdwp.agent jdk.jdi jdk.jfr jdk.jlink jdk.localedata jdk.management jdk.management.agent jdk.management.jfr jdk.naming.dns jdk.naming.rmi jdk.net jdk.sctp jdk.security.auth jdk.security.jgss jdk.unsupported jdk.unsupported.desktop jdk.xml.dom" 
IMPLEMENTOR="JetBrains s.r.o." 
JAVA_RUNTIME_VERSION="25.0.3+-15898627-b508.16" 
LIBC="default" 
OS_ARCH="x86_64" 
OS_NAME="Windows" 
SOURCE=".:git:a8b1dba3234f" 

Environment Variables:
JAVA_HOME=C:/Program Files/Android/Android Studio1/jbr
PATH=C:\Users\hp\bin;C:\Program Files\Git\mingw64\bin;C:\Program Files\Git\usr\local\bin;C:\Program Files\Git\usr\bin;C:\Program Files\Git\usr\bin;C:\Program Files\Git\mingw64\bin;C:\Program Files\Git\usr\bin;C:\Users\hp\bin;C:\WINDOWS\system32;C:\WINDOWS;C:\WINDOWS\System32\Wbem;C:\WINDOWS\System32\WindowsPowerShell\v1.0;C:\WINDOWS\System32\OpenSSH;C:\Program Files\Git\cmd;C:\Program Files\nodejs;C:\Users\hp\AppData\Local\Programs\Python\Python312\Scripts;C:\Users\hp\AppData\Local\Programs\Python\Python312;C:\Users\hp\AppData\Local\Programs\Python\Launcher;C:\Users\hp\AppData\Local\Microsoft\WindowsApps;C:\Users\hp\AppData\Local\GitHubDesktop\bin;C:\Users\hp\AppData\Local\Programs\cursor\resources\app\bin;C:\Users\hp\AppData\Roaming\npm;C:\Users\hp\AppData\Local\Programs\Antigravity IDE\bin;C:\Users\hp\AppData\Local\Programs\Python\Python312;C:\Program Files\nodejs;C:\Program Files\Git\mingw64\bin;C:\Program Files\Git\usr\bin\vendor_perl;C:\Program Files\Git\usr\bin\core_perl
USERNAME=hp
SHELL=C:\Program Files\Git\usr\bin\bash.exe
TERM=xterm-256color
OS=Windows_NT
PROCESSOR_IDENTIFIER=Intel64 Family 6 Model 140 Stepping 1, GenuineIntel
TMP=C:\Users\hp\AppData\Local\Temp
TEMP=C:\Users\hp\AppData\Local\Temp




Compilation memory statistics disabled.

Periodic native trim disabled

JNI global refs:
JNI global refs: 25, weak refs: 30

JNI global refs memory usage: 835, weak refs: 833

Process memory usage:
Resident Set Size: 669856K (4% of 16499128K total physical memory with 353544K free physical memory)

OOME stack traces (most recent first):
Classloader memory used:
Loader org.gradle.internal.classloader.VisitableURLClassLoader$InstrumentingVisitableURLClassLoader: 52126 K
Loader org.gradle.internal.classloader.VisitableURLClassLoader                         : 52069 K
Loader bootstrap                                                                       : 29691 K
Loader org.gradle.initialization.MixInLegacyTypesClassLoader                           : 12111 K
Loader java.net.URLClassLoader                                                         : 9634 K
Loader org.gradle.internal.classloader.VisitableURLClassLoader                         : 489 K
Loader jdk.internal.loader.ClassLoaders$AppClassLoader                                 : 194 K
Loader jdk.internal.loader.ClassLoaders$PlatformClassLoader                            : 133 K

Classes loaded by more than one classloader:
Class Program                                                                         : loaded 11 times (x 74B)
Class Build_gradle                                                                    : loaded 8 times (x 128B)
Class org.gradle.kotlin.dsl.VersionCatalogAccessorsKt                                 : loaded 4 times (x 73B)
Class Build_gradle$1                                                                  : loaded 4 times (x 76B)
Class org.gradle.kotlin.dsl.ImplementationConfigurationAccessorsKt                    : loaded 4 times (x 73B)
Class org.gradle.kotlin.dsl.ApiConfigurationAccessorsKt                               : loaded 3 times (x 73B)
Class Build_gradle$2                                                                  : loaded 3 times (x 76B)
Class org.gradle.kotlin.dsl.Accessors4peqkolg83a8rpss92bksm3rrKt                      : loaded 3 times (x 73B)
Class org.gradle.kotlin.dsl.Accessors2sci8yewa96g0fyfhouaecr70Kt                      : loaded 3 times (x 73B)
Class kotlin.reflect.jvm.internal.impl.serialization.deserialization.descriptors.DeserializedClassDescriptor$DeserializedClassMemberScope: loaded 2 times (x 104B)
Class kotlin.reflect.jvm.internal.impl.protobuf.FieldSet$1                            : loaded 2 times (x 73B)
Class kotlin.reflect.jvm.internal.impl.metadata.ProtoBuf$Property$1                   : loaded 2 times (x 89B)
Class kotlin.text.StringsKt__StringsKt                                                : loaded 2 times (x 73B)
Class kotlin.NotImplementedError                                                      : loaded 2 times (x 84B)
Class com.google.common.base.PairwiseEquivalence                                      : loaded 2 times (x 85B)
Class com.google.common.base.Equivalence$Identity                                     : loaded 2 times (x 84B)
Class com.google.common.collect.RegularImmutableMap$KeySet                            : loaded 2 times (x 154B)
Class org.gradle.internal.classloader.FilteringClassLoader                            : loaded 2 times (x 106B)
Class kotlin.reflect.jvm.internal.impl.load.java.DescriptorsJvmAbiUtil                : loaded 2 times (x 73B)
Class kotlin.io.FilesKt__FileTreeWalkKt                                               : loaded 2 times (x 73B)
Class org.jetbrains.kotlin.cli.common.arguments.RemovedCompilerArguments              : loaded 2 times (x 74B)
Class kotlin.reflect.jvm.internal.impl.load.java.SpecialGenericSignatures             : loaded 2 times (x 73B)
Class kotlin.sequences.FilteringSequence$iterator$1                                   : loaded 2 times (x 81B)
Class kotlin.reflect.jvm.internal.impl.resolve.OverridingUtil$4                       : loaded 2 times (x 76B)
Class [Lkotlin.reflect.jvm.internal.impl.types.model.TypeArgumentMarker;              : loaded 2 times (x 71B)
Class kotlin.reflect.jvm.internal.impl.descriptors.ValueParameterDescriptor           : loaded 2 times (x 72B)
Class kotlin.sequences.SequencesKt__SequenceBuilderKt                                 : loaded 2 times (x 73B)
Class kotlin.reflect.jvm.internal.impl.types.AbstractTypeConstructor$Supertypes       : loaded 2 times (x 74B)
Class kotlin.jvm.internal.CollectionToArray                                           : loaded 2 times (x 73B)
Class kotlin.reflect.jvm.internal.impl.resolve.scopes.MemberScope$Companion           : loaded 2 times (x 73B)
Class kotlin.reflect.jvm.internal.impl.descriptors.TypeParameterUtilsKt               : loaded 2 times (x 73B)
Class kotlin.reflect.jvm.internal.impl.metadata.ProtoBuf$Visibility$1                 : loaded 2 times (x 76B)
Class kotlin.reflect.jvm.internal.impl.load.kotlin.header.ReadKotlinClassHeaderAnnotationVisitor: loaded 2 times (x 81B)
Class [Lkotlin.reflect.jvm.internal.impl.protobuf.Internal$EnumLite;                  : loaded 2 times (x 71B)
Class kotlin.reflect.jvm.internal.impl.builtins.CompanionObjectMapping                : loaded 2 times (x 73B)
Class kotlin.collections.CollectionsKt__ReversedViewsKt                               : loaded 2 times (x 73B)
Class kotlin.jvm.internal.MutablePropertyReference0                                   : loaded 2 times (x 178B)
Class com.google.common.base.CharMatcher$IsEither                                     : loaded 2 times (x 113B)
Class org.gradle.internal.classloader.ClassLoaderHierarchy                            : loaded 2 times (x 72B)
Class kotlin.reflect.jvm.internal.impl.resolve.OverridingUtil$5                       : loaded 2 times (x 77B)
Class kotlin.reflect.jvm.internal.impl.resolve.NonReportingOverrideStrategy           : loaded 2 times (x 78B)
Class kotlin.reflect.jvm.internal.impl.serialization.deserialization.ProtoContainer   : loaded 2 times (x 75B)
Class kotlin.reflect.jvm.internal.impl.metadata.ProtoBuf$Class$Kind                   : loaded 2 times (x 84B)
Class [Lkotlin.reflect.jvm.internal.impl.descriptors.annotations.AnnotatedImpl;       : loaded 2 times (x 71B)
Class kotlin.reflect.jvm.internal.impl.metadata.ProtoBuf$TypeParameter$1              : loaded 2 times (x 89B)
Class kotlin.SafePublicationLazyImpl$Companion                                        : loaded 2 times (x 73B)
Class kotlin.jvm.internal.PropertyReference1Impl                                      : loaded 2 times (x 149B)
Class kotlin.jvm.internal.MutablePropertyReference1                                   : loaded 2 times (x 178B)
Class com.google.common.collect.ImmutableEnumSet                                      : loaded 2 times (x 148B)
Class com.google.common.collect.ImmutableList$1                                       : loaded 2 times (x 99B)
Class com.google.common.util.concurrent.ExecutionError                                : loaded 2 times (x 84B)
Class kotlin.reflect.jvm.internal.calls.CallerImpl$Method                             : loaded 2 times (x 83B)
Class org.jetbrains.kotlin.cli.common.arguments.Enables$Container                     : loaded 2 times (x 72B)
Class kotlin.reflect.jvm.internal.impl.resolve.OverridingUtil$6                       : loaded 2 times (x 76B)
Class org.jetbrains.kotlin.cli.common.arguments.ArgumentField                         : loaded 2 times (x 74B)
Class kotlin.collections.builders.MapBuilder                                          : loaded 2 times (x 114B)
Class kotlin.ranges.IntProgression$Companion                                          : loaded 2 times (x 73B)
Class kotlin.reflect.jvm.internal.impl.protobuf.BoundedByteString                     : loaded 2 times (x 104B)
Class kotlin.reflect.jvm.internal.impl.descriptors.runtime.components.ReflectKotlinClassKt: loaded 2 times (x 73B)
Class [Lkotlin.reflect.jvm.internal.impl.incremental.components.LookupLocation;       : loaded 2 times (x 71B)
Class [Lkotlin.reflect.jvm.internal.impl.descriptors.impl.ModuleDescriptorImpl;       : loaded 2 times (x 71B)
Class kotlin.reflect.jvm.internal.impl.protobuf.InvalidProtocolBufferException        : loaded 2 times (x 86B)
Class kotlin.reflect.jvm.internal.impl.serialization.deserialization.KotlinMetadataFinder: loaded 2 times (x 72B)
Class kotlin.reflect.jvm.internal.ReflectProperties$Val                               : loaded 2 times (x 76B)
Class kotlin.jvm.internal.MutablePropertyReference2                                   : loaded 2 times (x 178B)
Class com.google.common.collect.RegularImmutableMap                                   : loaded 2 times (x 122B)
Class com.google.common.collect.ImmutableMap$MapViewOfValuesAsSingletonSets           : loaded 2 times (x 128B)
Class kotlin.reflect.jvm.internal.impl.resolve.OverridingUtil$7                       : loaded 2 times (x 77B)
Class kotlin.reflect.jvm.internal.impl.load.java.typeEnhancement.TypeEnhancementUtilsKt: loaded 2 times (x 73B)
Class kotlin.sequences.TransformingSequence                                           : loaded 2 times (x 77B)
Class kotlin.reflect.jvm.internal.impl.resolve.scopes.SubstitutingScope               : loaded 2 times (x 87B)
Class kotlin.reflect.jvm.internal.impl.descriptors.impl.AbstractTypeParameterDescriptor: loaded 2 times (x 125B)
Class kotlin.reflect.jvm.internal.impl.descriptors.ScopesHolderForClass               : loaded 2 times (x 74B)
Class kotlin.reflect.jvm.internal.impl.serialization.deserialization.ProtoEnumFlagsUtilsKt$WhenMappings: loaded 2 times (x 73B)
Class kotlin.reflect.jvm.internal.impl.protobuf.AbstractParser                        : loaded 2 times (x 89B)
Class kotlin.reflect.jvm.internal.impl.util.ModuleVisibilityHelper                    : loaded 2 times (x 72B)
Class kotlin.reflect.jvm.internal.impl.descriptors.ClassOrPackageFragmentDescriptor   : loaded 2 times (x 72B)
Class kotlin.reflect.jvm.internal.impl.resolve.constants.LongValue                    : loaded 2 times (x 76B)
Class kotlin.reflect.jvm.internal.impl.resolve.constants.ByteValue                    : loaded 2 times (x 76B)
Class kotlin.reflect.jvm.internal.impl.builtins.ReflectionTypes                       : loaded 2 times (x 74B)
Class kotlin.reflect.jvm.internal.impl.storage.SimpleLock$Companion                   : loaded 2 times (x 73B)
Class kotlin.reflect.jvm.internal.impl.storage.CacheWithNullableValues                : loaded 2 times (x 72B)
Class [Lorg.objectweb.asm.Symbol;                                                     : loaded 2 times (x 71B)
Class org.objectweb.asm.ClassVisitor                                                  : loaded 2 times (x 90B)
Class com.google.common.collect.UnmodifiableListIterator                              : loaded 2 times (x 97B)
Class kotlin.reflect.jvm.internal.impl.resolve.OverridingUtilTypeSystemContext        : loaded 2 times (x 171B)
Class kotlin.reflect.jvm.internal.impl.resolve.OverridingUtil$8                       : loaded 2 times (x 73B)
Class kotlin.reflect.jvm.internal.impl.load.kotlin.KotlinClassFinder$Result           : loaded 2 times (x 73B)
Class kotlin.reflect.jvm.internal.impl.builtins.jvm.JvmBuiltInsPackageFragmentProvider: loaded 2 times (x 87B)
Class kotlin.reflect.jvm.internal.impl.metadata.ProtoBuf$PropertyOrBuilder            : loaded 2 times (x 72B)
Class kotlin.reflect.jvm.internal.impl.metadata.ProtoBuf$Contract$1                   : loaded 2 times (x 89B)
Class kotlin.reflect.jvm.internal.impl.protobuf.LiteralByteString                     : loaded 2 times (x 104B)
Class kotlin.reflect.jvm.internal.impl.descriptors.impl.AbstractClassDescriptor       : loaded 2 times (x 176B)
Class kotlin.reflect.jvm.internal.impl.serialization.deserialization.FlexibleTypeDeserializer: loaded 2 times (x 72B)
Class kotlin.reflect.jvm.internal.impl.name.FqName                                    : loaded 2 times (x 74B)
Class [Lkotlin.reflect.KClass;                                                        : loaded 2 times (x 71B)
Class com.google.common.base.Platform$JdkPatternCompiler                              : loaded 2 times (x 77B)
Class org.objectweb.asm.MethodTooLargeException                                       : loaded 2 times (x 84B)
Class [Lcom.google.common.cache.CacheBuilder$OneWeigher;                              : loaded 2 times (x 71B)
Class com.google.common.base.Suppliers                                                : loaded 2 times (x 73B)
Class org.gradle.internal.classloader.DefaultClassLoaderFactory                       : loaded 2 times (x 84B)
Class kotlin.reflect.jvm.internal.impl.descriptors.runtime.structure.Java16SealedRecordLoader: loaded 2 times (x 73B)
Class kotlin.reflect.jvm.internal.impl.name.CallableId                                : loaded 2 times (x 74B)
Class kotlin.sequences.SequencesKt___SequencesKt                                      : loaded 2 times (x 73B)
Class [Lkotlin.reflect.jvm.internal.impl.descriptors.annotations.Annotated;           : loaded 2 times (x 71B)
Class kotlin.reflect.jvm.internal.impl.types.TypeProjection                           : loaded 2 times (x 72B)
Class kotlin.reflect.jvm.internal.impl.types.TypeUtils                                : loaded 2 times (x 73B)
Class [Lkotlin.reflect.jvm.internal.impl.renderer.DescriptorRendererModifier;         : loaded 2 times (x 71B)
Class kotlin.reflect.jvm.internal.impl.types.TypeSubstitution$Companion$EMPTY$1       : loaded 2 times (x 79B)
Class kotlin.reflect.jvm.internal.impl.types.checker.KotlinTypeChecker$TypeConstructorEquality: loaded 2 times (x 72B)
Class kotlin.KotlinVersion$Companion                                                  : loaded 2 times (x 73B)
Class kotlin.reflect.jvm.internal.impl.builtins.jvm.JvmBuiltIns$Kind                  : loaded 2 times (x 81B)
Class kotlin.collections.AbstractList$Companion                                       : loaded 2 times (x 73B)
Class kotlin.io.FileTreeWalk$FileTreeWalkIterator                                     : loaded 2 times (x 85B)
Class [Lkotlin.reflect.jvm.internal.impl.types.model.TypeParameterMarker;             : loaded 2 times (x 71B)
Class kotlin.reflect.jvm.internal.impl.load.kotlin.header.ReadKotlinClassHeaderAnnotationVisitor$KotlinMetadataArgumentVisitor$1: loaded 2 times (x 87B)
Class kotlin.reflect.jvm.internal.impl.load.java.structure.JavaElement                : loaded 2 times (x 72B)
Class kotlin.reflect.jvm.internal.impl.metadata.ProtoBuf$EnumEntry                    : loaded 2 times (x 103B)
Class kotlin.reflect.jvm.internal.impl.metadata.ProtoBuf$Function$1                   : loaded 2 times (x 89B)
Class [Lkotlin.reflect.jvm.internal.impl.protobuf.WireFormat$FieldType;               : loaded 2 times (x 71B)
Class kotlin.reflect.jvm.internal.impl.load.kotlin.JavaFlexibleTypeDeserializer       : loaded 2 times (x 76B)
Class [Lcom.google.common.collect.ImmutableMapEntry;                                  : loaded 2 times (x 71B)
Class kotlin.reflect.jvm.internal.impl.load.java.typeEnhancement.TypeComponentPosition: loaded 2 times (x 81B)
Class kotlin.reflect.jvm.internal.impl.metadata.jvm.JvmProtoBuf$StringTableTypes$Record$Operation: loaded 2 times (x 84B)
Class kotlin.reflect.jvm.internal.impl.load.kotlin.header.ReadKotlinClassHeaderAnnotationVisitor$KotlinMetadataArgumentVisitor$2: loaded 2 times (x 87B)
Class kotlin.reflect.jvm.internal.impl.builtins.jvm.JvmBuiltInClassDescriptorFactory$Companion: loaded 2 times (x 73B)
Class kotlin.reflect.jvm.internal.impl.metadata.jvm.JvmProtoBuf$JvmFieldSignature$1   : loaded 2 times (x 89B)
Class kotlin.reflect.jvm.internal.impl.descriptors.Visibility                         : loaded 2 times (x 77B)
Class kotlin.reflect.jvm.internal.impl.serialization.deserialization.ContractDeserializer$Companion$DEFAULT$1: loaded 2 times (x 76B)
Class kotlin.reflect.jvm.internal.impl.load.java.typeEnhancement.JavaTypeEnhancement  : loaded 2 times (x 74B)
Class kotlin.text.StringsKt__AppendableKt                                             : loaded 2 times (x 73B)
Class com.google.common.collect.ListMultimap                                          : loaded 2 times (x 72B)
Class com.google.common.collect.ImmutableEnumMap                                      : loaded 2 times (x 128B)
Class org.jetbrains.kotlin.incremental.ClasspathChanges                               : loaded 2 times (x 73B)
Class kotlin.jvm.internal.ArrayIteratorKt                                             : loaded 2 times (x 73B)
Class kotlin.reflect.jvm.internal.impl.protobuf.ExtensionRegistryLite$ObjectIntPair   : loaded 2 times (x 74B)
Class kotlin.reflect.jvm.internal.impl.metadata.ProtoBuf$TypeParameter$Variance$1     : loaded 2 times (x 76B)
Class kotlin.reflect.jvm.internal.impl.descriptors.impl.ModuleAwareClassDescriptor$Companion: loaded 2 times (x 73B)
Class kotlin.reflect.jvm.internal.impl.renderer.DescriptorRenderer                    : loaded 2 times (x 80B)
Class kotlin.reflect.jvm.internal.impl.resolve.ExternalOverridabilityCondition        : loaded 2 times (x 72B)
Class kotlin.reflect.jvm.internal.impl.types.UnwrappedType                            : loaded 2 times (x 86B)
Class kotlin.reflect.KProperty$Accessor                                               : loaded 2 times (x 72B)
Class [Lkotlin.reflect.KCallable;                                                     : loaded 2 times (x 71B)
Class com.google.common.collect.ImmutableSet$SerializedForm                           : loaded 2 times (x 75B)
Class com.google.common.collect.Sets$1                                                : loaded 2 times (x 143B)
Class org.objectweb.asm.AnnotationVisitor                                             : loaded 2 times (x 80B)
Class org.gradle.api.internal.DefaultClassPathProvider                                : loaded 2 times (x 78B)
Class kotlin.text.MatchResult                                                         : loaded 2 times (x 72B)
Class kotlin.collections.builders.MapBuilder$EntryRef                                 : loaded 2 times (x 83B)
Class [Lorg.jetbrains.kotlin.cli.common.arguments.Enables;                            : loaded 2 times (x 71B)
Class org.jetbrains.kotlin.cli.common.arguments.ArgumentsInfo                         : loaded 2 times (x 74B)
Class kotlin.reflect.jvm.internal.impl.types.IntersectionTypeConstructor              : loaded 2 times (x 84B)
Class [Lkotlin.reflect.jvm.internal.impl.load.java.typeEnhancement.MutabilityQualifier;: loaded 2 times (x 71B)
Class kotlin.sequences.SequencesKt__SequencesKt$sequenceOf$$inlined$Sequence$1        : loaded 2 times (x 77B)
Class kotlin.reflect.jvm.internal.impl.descriptors.impl.ModuleAwareClassDescriptorKt  : loaded 2 times (x 73B)
Class kotlin.sequences.Sequence                                                       : loaded 2 times (x 72B)
Class kotlin.reflect.jvm.internal.impl.serialization.deserialization.descriptors.DeserializedClassDescriptor$memberScopeHolder$1: loaded 2 times (x 131B)
Class kotlin.reflect.jvm.internal.impl.descriptors.DeserializedDescriptor             : loaded 2 times (x 72B)
Class kotlin.reflect.jvm.internal.impl.metadata.ProtoBuf$VersionRequirementTable$1    : loaded 2 times (x 89B)
Class kotlin.reflect.jvm.internal.impl.protobuf.FieldSet$FieldDescriptorLite          : loaded 2 times (x 72B)
Class kotlin.reflect.jvm.internal.impl.load.java.lazy.types.JavaTypeAttributes        : loaded 2 times (x 74B)
Class kotlin.reflect.jvm.internal.impl.types.checker.KotlinTypePreparator$Default     : loaded 2 times (x 75B)
Class kotlin.text.StringsKt__StringNumberConversionsJVMKt                             : loaded 2 times (x 73B)
Class kotlin.reflect.jvm.internal.impl.builtins.jvm.JavaToKotlinClassMap$PlatformMutabilityMapping: loaded 2 times (x 74B)
Class com.google.common.collect.Sets$2                                                : loaded 2 times (x 143B)
Class [Lorg.gradle.api.internal.ClassPathProvider;                                    : loaded 2 times (x 71B)
Class org.gradle.api.internal.ClassPathProvider                                       : loaded 2 times (x 72B)
Class org.jetbrains.kotlin.build.report.metrics.GradleBuildPerformanceMetric          : loaded 2 times (x 74B)
Class org.jetbrains.kotlin.cli.common.CompilerSystemProperties                        : loaded 2 times (x 81B)
Class org.jetbrains.kotlin.cli.common.arguments.Argument                              : loaded 2 times (x 72B)
Class kotlin.reflect.jvm.internal.impl.load.java.SpecialGenericSignatures$TypeSafeBarrierDescription: loaded 2 times (x 81B)
Class kotlin.reflect.jvm.internal.impl.types.model.TypeSystemCommonSuperTypesContext  : loaded 2 times (x 72B)
Class kotlin.collections.CollectionsKt___CollectionsKt$asSequence$$inlined$Sequence$1 : loaded 2 times (x 77B)
Class kotlin.reflect.jvm.internal.impl.load.java.structure.LightClassOriginKind       : loaded 2 times (x 81B)
Class kotlin.reflect.jvm.internal.impl.serialization.SerializerExtensionProtocol      : loaded 2 times (x 74B)
Class kotlin.reflect.jvm.internal.impl.builtins.KotlinBuiltIns                        : loaded 2 times (x 115B)
Class kotlin.reflect.jvm.internal.impl.descriptors.runtime.components.ReflectJavaClassFinder: loaded 2 times (x 79B)
Class kotlin.jvm.functions.Function20                                                 : loaded 2 times (x 72B)
Class [Lorg.objectweb.asm.AnnotationVisitor;                                          : loaded 2 times (x 71B)
Class com.google.common.collect.Sets$3                                                : loaded 2 times (x 143B)
Class com.google.common.cache.LocalCache$LocalLoadingCache                            : loaded 2 times (x 136B)
Class org.gradle.internal.service.UnknownServiceException                             : loaded 2 times (x 85B)
Class kotlin.reflect.jvm.internal.calls.CallerImpl$Constructor                        : loaded 2 times (x 83B)
Class kotlin.reflect.jvm.internal.impl.load.java.descriptors.JavaMethodDescriptor     : loaded 2 times (x 208B)
Class kotlin.reflect.jvm.internal.impl.descriptors.impl.FunctionDescriptorImpl$CopyConfiguration: loaded 2 times (x 139B)
Class kotlin.reflect.jvm.internal.impl.serialization.deserialization.ProtoBasedClassDataFinder: loaded 2 times (x 77B)
Class kotlin.reflect.jvm.internal.impl.metadata.ProtoBuf$Annotation$ArgumentOrBuilder : loaded 2 times (x 72B)
Class kotlin.reflect.jvm.internal.impl.resolve.scopes.DescriptorKindFilter            : loaded 2 times (x 74B)
Class [Lkotlin.reflect.jvm.internal.impl.metadata.jvm.JvmProtoBuf$StringTableTypes$Record$Operation;: loaded 2 times (x 71B)
Class kotlin.reflect.jvm.internal.impl.load.java.lazy.descriptors.LazyJavaPackageScope: loaded 2 times (x 106B)
Class kotlin.reflect.jvm.internal.impl.load.java.lazy.descriptors.LazyJavaStaticScope : loaded 2 times (x 106B)
Class [Lkotlin.reflect.jvm.internal.impl.descriptors.deserialization.ClassDescriptorFactory;: loaded 2 times (x 71B)
Class [Lkotlin.reflect.jvm.internal.impl.descriptors.ClassKind;                       : loaded 2 times (x 71B)
Class kotlin.reflect.jvm.internal.impl.descriptors.PackageViewDescriptor              : loaded 2 times (x 72B)
Class kotlin.reflect.jvm.internal.impl.types.TypeSubstitution$Companion               : loaded 2 times (x 73B)
Class kotlin.reflect.jvm.internal.impl.load.java.lazy.TypeParameterResolver$EMPTY     : loaded 2 times (x 76B)
Class kotlin.reflect.jvm.internal.impl.types.KotlinType                               : loaded 2 times (x 83B)
Class kotlin.jvm.functions.Function21                                                 : loaded 2 times (x 72B)
Class kotlin.reflect.jvm.internal.impl.name.ClassId                                   : loaded 2 times (x 74B)
Class com.google.common.collect.Sets$4                                                : loaded 2 times (x 143B)
Class org.objectweb.asm.ModuleVisitor                                                 : loaded 2 times (x 83B)
Class com.google.common.cache.LocalCache$Strength$1                                   : loaded 2 times (x 83B)
Class org.jetbrains.kotlin.cli.common.messages.CompilerMessageSeverity                : loaded 2 times (x 81B)
Class kotlin.collections.builders.MapBuilderEntries                                   : loaded 2 times (x 147B)
Class kotlin.reflect.jvm.internal.impl.types.RawType                                  : loaded 2 times (x 72B)
Class kotlin.reflect.jvm.internal.impl.metadata.jvm.deserialization.BitEncoding       : loaded 2 times (x 73B)
Class kotlin.reflect.jvm.internal.impl.serialization.deserialization.ErrorReporter$1  : loaded 2 times (x 77B)
Class kotlin.reflect.jvm.internal.impl.protobuf.Internal$EnumLiteMap                  : loaded 2 times (x 72B)
Class kotlin.reflect.jvm.internal.impl.metadata.ProtoBuf$Constructor$1                : loaded 2 times (x 89B)
Class kotlin.reflect.jvm.internal.impl.protobuf.GeneratedMessageLite                  : loaded 2 times (x 95B)
Class kotlin.reflect.jvm.internal.impl.renderer.ExcludedTypeAnnotations               : loaded 2 times (x 73B)
Class kotlin.reflect.jvm.internal.impl.serialization.deserialization.DeserializationConfiguration$Default: loaded 2 times (x 81B)
Class kotlin.reflect.jvm.internal.impl.load.kotlin.JavaClassDataFinder                : loaded 2 times (x 77B)
Class kotlin.reflect.jvm.internal.impl.load.java.JavaTypeEnhancementState             : loaded 2 times (x 74B)
Class kotlin.reflect.jvm.internal.impl.descriptors.impl.DeclarationDescriptorImpl     : loaded 2 times (x 90B)
Class [Lkotlin.reflect.jvm.internal.impl.storage.LockBasedStorageManager$NotValue;    : loaded 2 times (x 71B)
Class kotlin.reflect.jvm.internal.impl.descriptors.ModuleDescriptor                   : loaded 2 times (x 72B)
Class kotlin.jvm.functions.Function22                                                 : loaded 2 times (x 72B)
Class com.google.common.util.concurrent.SettableFuture                                : loaded 2 times (x 116B)
Class com.google.common.cache.LocalCache$Strength$2                                   : loaded 2 times (x 83B)
Class kotlin.reflect.jvm.internal.impl.metadata.jvm.deserialization.JvmMemberSignature$Field: loaded 2 times (x 77B)
Class kotlin.reflect.jvm.internal.calls.Caller                                        : loaded 2 times (x 72B)
Class kotlin.reflect.jvm.internal.impl.load.java.JavaDescriptorVisibilities$1         : loaded 2 times (x 78B)
Class [Lkotlin.reflect.jvm.internal.impl.load.java.typeEnhancement.TypeComponentPosition;: loaded 2 times (x 71B)
Class kotlin.reflect.jvm.internal.impl.load.java.components.JavaAnnotationMapper      : loaded 2 times (x 73B)
Class kotlin.reflect.jvm.internal.impl.resolve.scopes.receivers.ThisClassReceiver     : loaded 2 times (x 72B)
Class kotlin.reflect.jvm.internal.impl.serialization.deserialization.MemberDeserializer: loaded 2 times (x 74B)
Class kotlin.reflect.jvm.internal.impl.serialization.deserialization.ClassDeserializer: loaded 2 times (x 74B)
Class kotlin.reflect.jvm.internal.impl.types.KotlinTypeFactory$EMPTY_REFINED_TYPE_FACTORY$1: loaded 2 times (x 80B)
Class kotlin.reflect.jvm.internal.impl.utils.WrappedValues                            : loaded 2 times (x 73B)
Class kotlin.reflect.jvm.internal.impl.descriptors.ModuleCapability                   : loaded 2 times (x 74B)
Class kotlin.reflect.jvm.internal.impl.storage.LockBasedStorageManager$ExceptionHandlingStrategy: loaded 2 times (x 72B)
Class kotlin.text.StringsKt__RegexExtensionsJVMKt                                     : loaded 2 times (x 73B)
Class kotlin.collections.ArraysKt___ArraysJvmKt                                       : loaded 2 times (x 73B)
Class kotlin.collections.CollectionsKt__CollectionsKt                                 : loaded 2 times (x 73B)
Class kotlin.reflect.KTypeParameter                                                   : loaded 2 times (x 72B)
Class com.google.common.cache.LocalCache$Strength$3                                   : loaded 2 times (x 83B)
Class com.google.common.collect.MapDifference                                         : loaded 2 times (x 72B)
Class kotlin.reflect.jvm.internal.impl.load.java.JavaDescriptorVisibilities$2         : loaded 2 times (x 78B)
Class kotlin.reflect.jvm.internal.impl.types.TypeCheckerState                         : loaded 2 times (x 77B)
Class kotlin.reflect.jvm.internal.impl.types.IndexedParametersSubstitution            : loaded 2 times (x 80B)
Class kotlin.reflect.jvm.internal.impl.load.java.structure.JavaClass                  : loaded 2 times (x 72B)
Class kotlin.reflect.jvm.internal.impl.descriptors.impl.AbstractReceiverParameterDescriptor: loaded 2 times (x 139B)
Class kotlin.reflect.jvm.internal.impl.descriptors.DescriptorVisibility               : loaded 2 times (x 77B)
Class kotlin.reflect.jvm.internal.impl.descriptors.Modality$Companion                 : loaded 2 times (x 73B)
Class kotlin.reflect.jvm.internal.impl.load.kotlin.DeserializedDescriptorResolver$Companion: loaded 2 times (x 73B)
Class kotlin._Assertions                                                              : loaded 2 times (x 73B)
Class kotlin.text.Regex$Companion                                                     : loaded 2 times (x 73B)
Class org.objectweb.asm.FieldWriter                                                   : loaded 2 times (x 79B)
Class com.google.common.cache.CacheBuilder$NullListener                               : loaded 2 times (x 84B)
Class org.gradle.internal.classpath.TransformedClassPath                              : loaded 2 times (x 101B)
Class org.gradle.internal.classloader.InstrumentingClassLoader                        : loaded 2 times (x 72B)
Class kotlin.reflect.jvm.KTypesJvm                                                    : loaded 2 times (x 73B)
Class [Lkotlin.annotation.AnnotationTarget;                                           : loaded 2 times (x 71B)
Class kotlin.reflect.jvm.internal.impl.load.java.JavaDescriptorVisibilities$3         : loaded 2 times (x 78B)
Class [Lkotlin.reflect.jvm.internal.impl.resolve.OverridingUtil$OverrideCompatibilityInfo$Result;: loaded 2 times (x 71B)
Class kotlin.reflect.jvm.internal.impl.metadata.ProtoBuf$QualifiedNameTable$QualifiedName: loaded 2 times (x 98B)
Class kotlin.reflect.jvm.internal.impl.load.java.lazy.LazyJavaAnnotations             : loaded 2 times (x 87B)
Class kotlin.reflect.jvm.internal.impl.descriptors.deserialization.ClassDescriptorFactory: loaded 2 times (x 72B)
Class kotlin.reflect.jvm.internal.impl.protobuf.GeneratedMessageLite$ExtendableMessage: loaded 2 times (x 101B)
Class [Lkotlin.reflect.jvm.internal.impl.renderer.AnnotationArgumentsRenderingPolicy; : loaded 2 times (x 71B)
Class kotlin.reflect.jvm.internal.impl.load.java.components.SignaturePropagator$1     : loaded 2 times (x 77B)
Class kotlin.jvm.internal.FunctionReference                                           : loaded 2 times (x 128B)
Class kotlin.jvm.internal.FunctionBase                                                : loaded 2 times (x 72B)
Class kotlin.enums.EnumEntriesList                                                    : loaded 2 times (x 225B)
Class com.google.common.collect.Iterators$ArrayItr                                    : loaded 2 times (x 99B)
Class com.google.common.cache.CacheLoader$FunctionToCacheLoader                       : loaded 2 times (x 77B)
Class com.google.common.collect.ImmutableCollection$Builder                           : loaded 2 times (x 78B)
Class org.jetbrains.kotlin.incremental.IncrementalCompilationFeatures$Companion       : loaded 2 times (x 73B)
Class kotlin.collections.builders.ListBuilder$Companion                               : loaded 2 times (x 73B)
Class kotlin.collections.builders.ListBuilder                                         : loaded 2 times (x 209B)
Class kotlin.collections.builders.AbstractMapBuilderEntrySet                          : loaded 2 times (x 146B)
Class kotlin.reflect.jvm.internal.impl.descriptors.impl.LazyClassReceiverParameterDescriptor: loaded 2 times (x 139B)
Class kotlin.reflect.jvm.internal.impl.metadata.ProtoBuf$QualifiedNameTable$QualifiedName$Kind$1: loaded 2 times (x 76B)
Class kotlin.reflect.jvm.internal.impl.serialization.deserialization.ClassDeserializer$ClassKey: loaded 2 times (x 74B)
Class kotlin.reflect.jvm.internal.impl.metadata.ProtoBuf$Type$1                       : loaded 2 times (x 89B)
Class kotlin.reflect.jvm.internal.impl.descriptors.PropertySetterDescriptor           : loaded 2 times (x 72B)
Class kotlin.reflect.jvm.internal.impl.descriptors.impl.VariableDescriptorWithInitializerImpl: loaded 2 times (x 144B)
Class kotlin.reflect.jvm.internal.impl.renderer.DescriptorRendererOptionsImpl         : loaded 2 times (x 94B)
Class kotlin.reflect.jvm.internal.impl.load.java.JavaClassesTracker$Default           : loaded 2 times (x 76B)
Class kotlin.reflect.jvm.internal.impl.name.FqNamesUtilKt                             : loaded 2 times (x 73B)
Class kotlin.collections.CollectionsKt__IteratorsJVMKt                                : loaded 2 times (x 73B)
Class com.google.common.base.Joiner                                                   : loaded 2 times (x 82B)
Class com.google.common.base.MoreObjects                                              : loaded 2 times (x 73B)
Class org.jetbrains.kotlin.cli.common.arguments.PreprocessCommandLineArgumentsKt      : loaded 2 times (x 73B)
Class kotlin.reflect.jvm.internal.impl.descriptors.java.JavaVisibilities$ProtectedStaticVisibility: loaded 2 times (x 77B)
Class kotlin.reflect.jvm.internal.impl.descriptors.Visibilities                       : loaded 2 times (x 73B)
Class kotlin.reflect.jvm.internal.impl.serialization.deserialization.descriptors.DeserializedClassDescriptor$DeserializedClassMemberScope$generateFakeOverrides$1: loaded 2 times (x 79B)
Class kotlin.reflect.jvm.internal.impl.serialization.deserialization.descriptors.DeserializedClassDescriptor$DeserializedClassTypeConstructor: loaded 2 times (x 99B)
Class kotlin.reflect.jvm.internal.impl.load.kotlin.header.ReadKotlinClassHeaderAnnotationVisitor$KotlinMetadataArgumentVisitor: loaded 2 times (x 88B)
Class kotlin.reflect.jvm.internal.impl.utils.SmartList                                : loaded 2 times (x 201B)
Class [Lkotlin.reflect.jvm.internal.impl.incremental.components.NoLookupLocation;     : loaded 2 times (x 71B)
Class kotlin.reflect.KProperty0                                                       : loaded 2 times (x 72B)
Class kotlin.reflect.jvm.internal.impl.resolve.scopes.DescriptorKindFilter$Companion  : loaded 2 times (x 73B)
Class com.google.common.collect.Platform                                              : loaded 2 times (x 73B)
Class [Lorg.objectweb.asm.Type;                                                       : loaded 2 times (x 71B)
Class com.google.common.collect.UnmodifiableIterator                                  : loaded 2 times (x 82B)
Class org.gradle.internal.service.ServiceLocator                                      : loaded 2 times (x 72B)
Class [Lkotlin.Function;                                                              : loaded 2 times (x 71B)
Class kotlin.reflect.jvm.internal.impl.load.java.SpecialGenericSignatures$Companion$NameAndSignature: loaded 2 times (x 74B)
Class kotlin.sequences.TransformingSequence$iterator$1                                : loaded 2 times (x 81B)
Class kotlin.reflect.jvm.internal.impl.descriptors.impl.ValueParameterDescriptorImpl  : loaded 2 times (x 166B)
Class kotlin.reflect.jvm.internal.impl.load.java.structure.JavaTypeParameterListOwner : loaded 2 times (x 72B)
Class kotlin.reflect.jvm.internal.impl.metadata.deserialization.NameResolverImpl      : loaded 2 times (x 79B)
Class kotlin.reflect.jvm.internal.impl.metadata.deserialization.VersionSpecificBehaviorKt: loaded 2 times (x 73B)
Class [Lkotlin.reflect.jvm.internal.impl.descriptors.impl.DeclarationDescriptorImpl;  : loaded 2 times (x 71B)
Class [Lkotlin.reflect.jvm.internal.impl.metadata.ProtoBuf$Annotation$Argument$Value$Type;: loaded 2 times (x 71B)
Class kotlin.reflect.jvm.internal.impl.metadata.jvm.JvmProtoBuf$JvmFieldSignature     : loaded 2 times (x 98B)
Class kotlin.reflect.jvm.internal.impl.protobuf.SmallSortedMap                        : loaded 2 times (x 130B)
Class kotlin.reflect.jvm.internal.impl.protobuf.LazyField                             : loaded 2 times (x 79B)
Class kotlin.reflect.jvm.internal.impl.storage.DefaultSimpleLock                      : loaded 2 times (x 80B)
Class kotlin.Pair                                                                     : loaded 2 times (x 74B)
Class kotlin.reflect.KProperty1                                                       : loaded 2 times (x 72B)
Class kotlin.reflect.KClass                                                           : loaded 2 times (x 72B)
Class com.google.common.collect.SingletonImmutableBiMap                               : loaded 2 times (x 145B)
Class com.google.common.base.Ascii                                                    : loaded 2 times (x 73B)
Class com.google.common.collect.Iterators$SingletonIterator                           : loaded 2 times (x 83B)
Class com.google.common.cache.LocalCache$1                                            : loaded 2 times (x 91B)
Class com.google.common.collect.AbstractMapEntry                                      : loaded 2 times (x 83B)
Class kotlin.reflect.jvm.internal.impl.load.java.structure.JavaPrimitiveType          : loaded 2 times (x 72B)
Class kotlin.reflect.jvm.internal.impl.serialization.deserialization.descriptors.DescriptorWithContainerSource: loaded 2 times (x 72B)
Class kotlin.sequences.GeneratorSequence$iterator$1                                   : loaded 2 times (x 81B)
Class kotlin.io.CloseableKt                                                           : loaded 2 times (x 73B)
Class kotlin.reflect.jvm.internal.impl.metadata.ProtoBuf$Annotation$Argument$Value$Builder: loaded 2 times (x 93B)
Class kotlin.reflect.jvm.internal.impl.metadata.jvm.JvmProtoBuf$StringTableTypes      : loaded 2 times (x 98B)
Class kotlin.reflect.jvm.internal.impl.descriptors.Visibilities$Inherited             : loaded 2 times (x 77B)
Class kotlin.reflect.jvm.internal.impl.load.java.NullabilityAnnotationStates$Companion: loaded 2 times (x 73B)
Class kotlin.reflect.jvm.internal.impl.load.kotlin.KotlinClassFinder                  : loaded 2 times (x 72B)
Class kotlin.collections.CollectionsKt__MutableCollectionsKt                          : loaded 2 times (x 73B)
Class kotlin.reflect.KProperty2                                                       : loaded 2 times (x 72B)
Class com.google.common.collect.Sets$ImprovedAbstractSet                              : loaded 2 times (x 137B)
Class com.google.common.collect.ImmutableList$Builder                                 : loaded 2 times (x 79B)
Class com.google.common.collect.AbstractMultimap                                      : loaded 2 times (x 125B)
Class com.google.common.cache.LocalCache$2                                            : loaded 2 times (x 144B)
Class org.jetbrains.kotlin.build.report.metrics.ValueType                             : loaded 2 times (x 81B)
Class kotlin.io.FilesKt__FilePathComponentsKt                                         : loaded 2 times (x 73B)
Class kotlin.ReplaceWith                                                              : loaded 2 times (x 72B)
Class kotlin.reflect.jvm.internal.impl.resolve.DescriptorFactory                      : loaded 2 times (x 73B)
Class kotlin.reflect.jvm.internal.impl.metadata.ProtoBuf$Annotation$Argument$1        : loaded 2 times (x 89B)
Class kotlin.reflect.jvm.internal.impl.types.SimpleTypeImpl                           : loaded 2 times (x 91B)
Class kotlin.reflect.jvm.internal.impl.renderer.DescriptorRendererImpl                : loaded 2 times (x 101B)
Class kotlin.reflect.jvm.internal.impl.renderer.DescriptorRenderer$Companion          : loaded 2 times (x 73B)
Class kotlin.reflect.jvm.internal.impl.storage.LockBasedStorageManager$MapBasedMemoizedFunctionToNotNull: loaded 2 times (x 86B)
Class kotlin.reflect.jvm.internal.impl.utils.CollectionsKt                            : loaded 2 times (x 73B)
Class kotlin.reflect.KCallable                                                        : loaded 2 times (x 72B)
Class com.google.common.collect.RegularImmutableAsList                                : loaded 2 times (x 219B)
Class org.jetbrains.kotlin.build.report.metrics.RUN_COMPILATION_IN_WORKER             : loaded 2 times (x 74B)
Class kotlin.collections.AbstractIterator                                             : loaded 2 times (x 85B)
Class kotlin.text.CharsKt                                                             : loaded 2 times (x 73B)
Class kotlin.reflect.jvm.internal.impl.types.model.TypeSystemInferenceExtensionContext: loaded 2 times (x 72B)
Class [Lkotlin.reflect.jvm.internal.impl.descriptors.TypeParameterDescriptor;         : loaded 2 times (x 71B)
Class kotlin.reflect.jvm.internal.impl.serialization.deserialization.descriptors.DeserializedContainerAbiStability: loaded 2 times (x 81B)
Class [Lkotlin.reflect.jvm.internal.impl.metadata.ProtoBuf$Type$Argument$Projection;  : loaded 2 times (x 71B)
Class kotlin.reflect.jvm.internal.impl.descriptors.runtime.structure.ReflectJavaPackage: loaded 2 times (x 84B)
Class kotlin.reflect.jvm.internal.impl.serialization.deserialization.AnnotationAndConstantLoaderImpl: loaded 2 times (x 86B)
Class kotlin.reflect.jvm.internal.impl.metadata.ProtoBuf$Annotation$1                 : loaded 2 times (x 89B)
Class kotlin.reflect.jvm.internal.impl.resolve.scopes.MemberScope$Empty               : loaded 2 times (x 94B)
Class kotlin.reflect.jvm.internal.impl.storage.LockBasedStorageManager$LockBasedNotNullLazyValue: loaded 2 times (x 86B)
Class com.google.common.util.concurrent.AbstractFuture$Trusted                        : loaded 2 times (x 72B)
Class com.google.common.collect.Iterators                                             : loaded 2 times (x 73B)
Class org.jetbrains.kotlin.tooling.core.KotlinToolingVersion                          : loaded 2 times (x 77B)
Class kotlin.reflect.jvm.internal.impl.descriptors.impl.PropertySetterDescriptorImpl  : loaded 2 times (x 193B)
Class kotlin.reflect.jvm.internal.impl.serialization.deserialization.AnnotatedCallableKind: loaded 2 times (x 81B)
Class kotlin.reflect.jvm.internal.impl.serialization.deserialization.ProtoEnumFlagsUtilsKt: loaded 2 times (x 73B)
Class kotlin.reflect.jvm.internal.impl.resolve.scopes.receivers.ReceiverValue         : loaded 2 times (x 72B)
Class kotlin.reflect.jvm.internal.impl.descriptors.impl.ClassDescriptorImpl           : loaded 2 times (x 177B)
Class kotlin.reflect.jvm.internal.impl.descriptors.CallableMemberDescriptor           : loaded 2 times (x 72B)
Class kotlin.reflect.jvm.internal.impl.descriptors.Substitutable                      : loaded 2 times (x 72B)
Class kotlin.reflect.jvm.internal.impl.descriptors.Modality                           : loaded 2 times (x 81B)
Class kotlin.reflect.jvm.internal.impl.storage.LockBasedStorageManager$NotValue       : loaded 2 times (x 81B)
Class kotlin.reflect.jvm.internal.ModuleByClassLoaderKt                               : loaded 2 times (x 73B)
Class kotlin.reflect.jvm.internal.impl.metadata.ProtoBuf$PackageFragment              : loaded 2 times (x 103B)
Class com.google.common.collect.Lists$StringAsImmutableList                           : loaded 2 times (x 209B)
Class com.google.common.util.concurrent.UncheckedExecutionException                   : loaded 2 times (x 84B)
Class kotlin.io.FileTreeWalk$FileTreeWalkIterator$WhenMappings                        : loaded 2 times (x 73B)
Class kotlin.collections.builders.MapBuilder$EntriesItr                               : loaded 2 times (x 83B)
Class kotlin.reflect.jvm.internal.impl.load.java.lazy.descriptors.JavaDescriptorUtilKt: loaded 2 times (x 73B)
Class kotlin.reflect.jvm.internal.impl.descriptors.DescriptorUtilKt                   : loaded 2 times (x 73B)
Class kotlin.reflect.jvm.internal.impl.resolve.MemberComparator$NameAndTypeMemberComparator: loaded 2 times (x 93B)
Class kotlin.reflect.jvm.internal.impl.renderer.DescriptorRendererModifier            : loaded 2 times (x 81B)
Class kotlin.reflect.jvm.internal.impl.resolve.constants.ConstantValue                : loaded 2 times (x 76B)
Class kotlin.reflect.jvm.internal.impl.load.java.lazy.ModuleClassResolver             : loaded 2 times (x 72B)
Class kotlin.reflect.jvm.internal.impl.descriptors.annotations.Annotations            : loaded 2 times (x 72B)
Class kotlin.reflect.jvm.internal.impl.descriptors.annotations.Annotated              : loaded 2 times (x 72B)
Class kotlin.collections.builders.SetBuilder$Companion                                : loaded 2 times (x 73B)
Class kotlin.reflect.KClasses                                                         : loaded 2 times (x 73B)
Class kotlin.DeprecationLevel                                                         : loaded 2 times (x 81B)
Class org.jetbrains.kotlin.cli.common.arguments.Disables                              : loaded 2 times (x 72B)
Class kotlin.reflect.jvm.internal.impl.load.java.descriptors.JavaCallableMemberDescriptor: loaded 2 times (x 72B)
Class kotlin.collections.ArraysKt___ArraysKt$asSequence$$inlined$Sequence$1           : loaded 2 times (x 77B)
Class kotlin.reflect.jvm.internal.impl.metadata.jvm.JvmProtoBuf$JvmPropertySignature$Builder: loaded 2 times (x 93B)
Class kotlin.reflect.jvm.internal.impl.metadata.jvm.JvmProtoBuf$StringTableTypes$Record$Operation$1: loaded 2 times (x 76B)
Class kotlin.reflect.jvm.internal.impl.protobuf.AbstractMessageLite$Builder$LimitedInputStream: loaded 2 times (x 94B)
Class kotlin.reflect.jvm.internal.impl.load.java.lazy.types.JavaTypeResolver          : loaded 2 times (x 74B)
Class kotlin.collections.EmptyList                                                    : loaded 2 times (x 176B)
Class kotlin.reflect.jvm.internal.impl.descriptors.deserialization.AdditionalClassPartsProvider: loaded 2 times (x 72B)
Class kotlin.reflect.jvm.internal.impl.descriptors.runtime.components.RuntimeSourceElementFactory: loaded 2 times (x 76B)
Class kotlin.collections.MapsKt__MapsJVMKt                                            : loaded 2 times (x 73B)
Class kotlin.reflect.jvm.internal.ReflectionFactoryImpl                               : loaded 2 times (x 93B)
Class com.google.common.collect.AbstractMapBasedMultimap$KeySet$1                     : loaded 2 times (x 84B)
Class org.objectweb.asm.ClassWriter                                                   : loaded 2 times (x 107B)
Class com.google.common.cache.CacheLoader$UnsupportedLoadingOperationException        : loaded 2 times (x 84B)
Class com.google.common.base.CharMatcher$And                                          : loaded 2 times (x 114B)
Class kotlin.reflect.jvm.internal.impl.load.java.SpecialGenericSignatures$TypeSafeBarrierDescription$MAP_GET_OR_DEFAULT: loaded 2 times (x 81B)
Class kotlin.reflect.jvm.internal.impl.descriptors.runtime.structure.ReflectJavaType  : loaded 2 times (x 86B)
Class kotlin.collections.builders.ListBuilderKt                                       : loaded 2 times (x 73B)
Class kotlin.reflect.jvm.internal.impl.descriptors.ParameterDescriptor                : loaded 2 times (x 72B)
Class kotlin.reflect.jvm.internal.impl.serialization.deserialization.ContractDeserializer: loaded 2 times (x 72B)
Class kotlin.reflect.jvm.internal.WeakClassLoaderBox                                  : loaded 2 times (x 74B)
Class kotlin.reflect.jvm.internal.impl.builtins.StandardNames$FqNames                 : loaded 2 times (x 73B)
Class org.objectweb.asm.FieldVisitor                                                  : loaded 2 times (x 79B)
Class com.google.common.collect.IndexedImmutableSet                                   : loaded 2 times (x 154B)
Class com.google.common.collect.ImmutableMap$1                                        : loaded 2 times (x 83B)
Class com.google.common.collect.BiMap                                                 : loaded 2 times (x 72B)
Class org.gradle.api.internal.classpath.DefaultModuleRegistry$DefaultModule           : loaded 2 times (x 84B)
Class kotlin.reflect.jvm.internal.impl.descriptors.impl.PropertyGetterDescriptorImpl  : loaded 2 times (x 193B)
Class kotlin.reflect.jvm.internal.impl.types.TypeSubstitutor                          : loaded 2 times (x 81B)
Class kotlin.reflect.jvm.internal.impl.resolve.scopes.receivers.ImplicitReceiver      : loaded 2 times (x 72B)
Class kotlin.reflect.jvm.internal.impl.protobuf.SmallSortedMap$EntryIterator          : loaded 2 times (x 85B)
Class kotlin.reflect.jvm.internal.impl.serialization.deserialization.ProtoEnumFlags   : loaded 2 times (x 73B)
Class kotlin.reflect.jvm.internal.impl.descriptors.runtime.components.ReflectAnnotationSource: loaded 2 times (x 77B)
Class kotlin.reflect.jvm.internal.impl.storage.LockBasedStorageManager$KeyWithComputation: loaded 2 times (x 74B)
Class kotlin.reflect.jvm.internal.impl.metadata.ProtoBuf$Property                     : loaded 2 times (x 103B)
Class kotlin.reflect.jvm.internal.impl.descriptors.SupertypeLoopChecker$EMPTY         : loaded 2 times (x 76B)
Class kotlin.jvm.internal.KotlinGenericDeclaration                                    : loaded 2 times (x 72B)
Class com.google.common.primitives.Ints                                               : loaded 2 times (x 73B)
Class com.google.common.collect.AbstractIterator                                      : loaded 2 times (x 84B)
Class kotlin.Deprecated                                                               : loaded 2 times (x 72B)
Class kotlin.reflect.jvm.internal.impl.metadata.ProtoBuf$Visibility                   : loaded 2 times (x 84B)
Class kotlin.collections.IndexingIterable                                             : loaded 2 times (x 81B)
Class kotlin.reflect.jvm.internal.impl.builtins.jvm.JvmBuiltInClassDescriptorFactory  : loaded 2 times (x 79B)
Class kotlin.reflect.jvm.internal.impl.metadata.ProtoBuf$ConstructorOrBuilder         : loaded 2 times (x 72B)
Class kotlin.reflect.jvm.internal.impl.types.TypeSubstitution                         : loaded 2 times (x 79B)
Class kotlin.reflect.jvm.internal.impl.load.java.typeEnhancement.SignatureEnhancement : loaded 2 times (x 74B)
Class kotlin.reflect.jvm.internal.impl.load.java.NullabilityAnnotationStatesImpl      : loaded 2 times (x 77B)
Class kotlin.collections.ArraysKt__ArraysKt                                           : loaded 2 times (x 73B)
Class com.google.common.collect.ObjectArrays                                          : loaded 2 times (x 73B)
Class com.google.common.math.MathPreconditions                                        : loaded 2 times (x 73B)
Class com.google.common.collect.Multiset                                              : loaded 2 times (x 72B)
Class com.google.common.collect.ArrayListMultimapGwtSerializationDependencies         : loaded 2 times (x 173B)
Class com.google.common.collect.AbstractIndexedListIterator                           : loaded 2 times (x 98B)
Class kotlin.reflect.jvm.internal.impl.metadata.jvm.JvmProtoBuf$StringTableTypes$Record: loaded 2 times (x 98B)
Class kotlin.reflect.jvm.internal.impl.metadata.ProtoBuf$Annotation$Argument$Value$Type: loaded 2 times (x 84B)
Class kotlin.reflect.jvm.internal.impl.types.ClassTypeConstructorImpl                 : loaded 2 times (x 99B)
Class kotlin.collections.SetsKt__SetsJVMKt                                            : loaded 2 times (x 73B)
Class kotlin.reflect.jvm.internal.impl.builtins.jvm.JavaToKotlinClassMap              : loaded 2 times (x 73B)
Class kotlin.reflect.jvm.internal.KotlinReflectionInternalError                       : loaded 2 times (x 84B)
Class kotlin.Function                                                                 : loaded 2 times (x 72B)
Class com.google.common.collect.ImmutableMapEntrySet                                  : loaded 2 times (x 154B)
Class org.gradle.api.internal.classpath.Module                                        : loaded 2 times (x 72B)
Class org.jetbrains.kotlin.cli.common.arguments.Disables$Container                    : loaded 2 times (x 72B)
Class kotlin.reflect.jvm.internal.impl.resolve.OverridingStrategy                     : loaded 2 times (x 77B)
Class kotlin.reflect.jvm.internal.impl.metadata.ProtoBuf$QualifiedNameTable$1         : loaded 2 times (x 89B)
Class kotlin.internal.ProgressionUtilKt                                               : loaded 2 times (x 73B)
Class kotlin.reflect.jvm.internal.impl.protobuf.RopeByteString                        : loaded 2 times (x 101B)
Class kotlin.reflect.jvm.internal.impl.incremental.UtilsKt                            : loaded 2 times (x 73B)
Class kotlin.reflect.jvm.internal.impl.metadata.jvm.JvmProtoBuf$JvmMethodSignatureOrBuilder: loaded 2 times (x 72B)
Class kotlin.reflect.jvm.internal.impl.resolve.sam.SamConversionResolver              : loaded 2 times (x 72B)
Class kotlin.KotlinVersion                                                            : loaded 2 times (x 76B)
Class kotlin.reflect.jvm.internal.impl.builtins.jvm.JvmBuiltIns                       : loaded 2 times (x 115B)
Class kotlin.reflect.KMutableProperty                                                 : loaded 2 times (x 72B)
Class com.google.common.cache.Weigher                                                 : loaded 2 times (x 72B)
Class org.gradle.api.internal.classpath.UnknownModuleException                        : loaded 2 times (x 84B)
Class org.jetbrains.kotlin.config.ApiVersion                                          : loaded 2 times (x 88B)
Class kotlin.reflect.jvm.internal.impl.protobuf.CodedOutputStream$OutOfSpaceException : loaded 2 times (x 84B)
Class kotlin.reflect.jvm.internal.impl.load.kotlin.KotlinJvmBinaryClass$AnnotationVisitor: loaded 2 times (x 72B)
Class kotlin.reflect.jvm.internal.impl.protobuf.SmallSortedMap$EmptySet$1             : loaded 2 times (x 80B)
Class kotlin.reflect.jvm.internal.impl.protobuf.FieldSet                              : loaded 2 times (x 74B)
Class kotlin.reflect.jvm.internal.impl.descriptors.ConstructorDescriptor              : loaded 2 times (x 72B)
Class kotlin.reflect.jvm.internal.impl.storage.LockBasedStorageManager$ExceptionHandlingStrategy$1: loaded 2 times (x 76B)
Class kotlin.jvm.internal.PropertyReference                                           : loaded 2 times (x 121B)
Class com.google.common.base.Stopwatch                                                : loaded 2 times (x 74B)
Class com.google.common.cache.LocalCache$Strength                                     : loaded 2 times (x 83B)
Class com.google.common.cache.Cache                                                   : loaded 2 times (x 72B)
Class org.jetbrains.kotlin.build.report.metrics.BuildMetricsReporter                  : loaded 2 times (x 72B)
Class kotlin.reflect.KProperty1$Getter                                                : loaded 2 times (x 72B)
Class kotlin.reflect.jvm.internal.impl.types.AbstractTypeChecker                      : loaded 2 times (x 73B)
Class [Lkotlin.reflect.jvm.internal.impl.descriptors.DeclarationDescriptorNonRoot;    : loaded 2 times (x 71B)
Class kotlin.reflect.jvm.internal.impl.storage.SingleThreadValue                      : loaded 2 times (x 76B)
Class kotlin.reflect.jvm.internal.impl.serialization.deserialization.descriptors.NonEmptyDeserializedAnnotations: loaded 2 times (x 91B)
Class kotlin.reflect.jvm.internal.impl.serialization.deserialization.ProtoEnumFlags$WhenMappings: loaded 2 times (x 73B)
Class kotlin.collections.IndexingIterator                                             : loaded 2 times (x 81B)
Class kotlin.reflect.jvm.internal.impl.metadata.ProtoBuf$PackageOrBuilder             : loaded 2 times (x 72B)
Class kotlin.reflect.jvm.internal.impl.protobuf.SmallSortedMap$EmptySet$2             : loaded 2 times (x 80B)
Class kotlin.reflect.jvm.internal.impl.descriptors.ClassifierDescriptorWithTypeParameters: loaded 2 times (x 72B)
Class com.google.common.base.NullnessCasts                                            : loaded 2 times (x 73B)
Class com.google.common.util.concurrent.AbstractFuture$Cancellation                   : loaded 2 times (x 74B)
Class com.google.common.collect.ImmutableMap$Builder                                  : loaded 2 times (x 84B)
Class org.jetbrains.kotlin.incremental.IncrementalModuleInfo                          : loaded 2 times (x 74B)
Class kotlin.reflect.jvm.internal.impl.load.java.typeEnhancement.JavaTypeQualifiers$Companion: loaded 2 times (x 73B)
Class kotlin.reflect.jvm.internal.impl.load.java.typeEnhancement.JavaTypeQualifiers   : loaded 2 times (x 74B)
Class kotlin.reflect.jvm.internal.impl.metadata.deserialization.Flags                 : loaded 2 times (x 73B)
Class kotlin.reflect.jvm.internal.impl.metadata.ProtoBuf$TypeParameter                : loaded 2 times (x 103B)
Class kotlin.reflect.jvm.internal.impl.metadata.ProtoBuf$Annotation                   : loaded 2 times (x 98B)
Class [Lkotlin.reflect.jvm.internal.impl.descriptors.DescriptorVisibility;            : loaded 2 times (x 71B)
Class kotlin.reflect.jvm.internal.impl.descriptors.VariableDescriptor                 : loaded 2 times (x 72B)
Class kotlin.reflect.jvm.internal.impl.descriptors.PackageFragmentProvider            : loaded 2 times (x 72B)
Class kotlin.reflect.jvm.internal.impl.load.java.JavaNullabilityAnnotationsStatus     : loaded 2 times (x 74B)
Class [Lkotlin.reflect.jvm.internal.impl.builtins.PrimitiveType;                      : loaded 2 times (x 71B)
Class kotlin.reflect.jvm.internal.impl.builtins.StandardNames                         : loaded 2 times (x 73B)
Class kotlin.reflect.jvm.internal.ReflectProperties$LazySoftVal                       : loaded 2 times (x 80B)
Class [Lkotlin.reflect.KAnnotatedElement;                                             : loaded 2 times (x 71B)
Class com.google.common.cache.RemovalListener                                         : loaded 2 times (x 72B)
Class org.gradle.api.internal.DefaultClassPathRegistry                                : loaded 2 times (x 78B)
Class org.jetbrains.kotlin.cli.common.messages.MessageCollector                       : loaded 2 times (x 72B)
Class kotlin.annotation.AnnotationTarget                                              : loaded 2 times (x 81B)
Class kotlin.ranges.ClosedRange                                                       : loaded 2 times (x 72B)
Class kotlin.reflect.jvm.internal.impl.metadata.deserialization.TypeTable             : loaded 2 times (x 74B)
Class kotlin.reflect.jvm.internal.impl.metadata.ProtoBuf$VersionRequirement$VersionKind$1: loaded 2 times (x 76B)
Class kotlin.reflect.jvm.internal.impl.descriptors.runtime.components.ReflectKotlinClass: loaded 2 times (x 81B)
Class [Lkotlin.reflect.jvm.internal.impl.descriptors.PackageFragmentProviderOptimized;: loaded 2 times (x 71B)
Class kotlin.reflect.jvm.internal.impl.metadata.ProtoBuf$ValueParameterOrBuilder      : loaded 2 times (x 72B)
Class kotlin.reflect.jvm.internal.impl.metadata.ProtoBuf$Function                     : loaded 2 times (x 103B)
Class kotlin.reflect.jvm.internal.impl.renderer.RenderingFormat$PLAIN                 : loaded 2 times (x 82B)
Class kotlin.jvm.JvmClassMappingKt                                                    : loaded 2 times (x 73B)
Class kotlin.reflect.KProperty                                                        : loaded 2 times (x 72B)
Class kotlin.jvm.internal.Reflection                                                  : loaded 2 times (x 73B)
Class com.google.common.primitives.IntsMethodsForWeb                                  : loaded 2 times (x 73B)
Class com.google.common.collect.Multimap                                              : loaded 2 times (x 72B)
Class org.gradle.internal.classpath.DefaultClassPath$ImmutableUniqueList              : loaded 2 times (x 201B)
Class org.gradle.api.internal.ClassPathRegistry                                       : loaded 2 times (x 72B)
Class org.jetbrains.kotlin.build.report.metrics.INCREMENTAL_COMPILATION_DAEMON        : loaded 2 times (x 74B)
Class kotlin.reflect.jvm.internal.impl.load.java.JvmAbi                               : loaded 2 times (x 73B)
Class kotlin.reflect.jvm.internal.impl.resolve.DescriptorFactory$DefaultClassConstructorDescriptor: loaded 2 times (x 217B)
Class kotlin.reflect.jvm.internal.impl.metadata.ProtoBuf$QualifiedNameTableOrBuilder  : loaded 2 times (x 72B)
Class kotlin.collections.IntIterator                                                  : loaded 2 times (x 84B)
Class kotlin.reflect.jvm.internal.impl.resolve.scopes.ChainedMemberScope$Companion    : loaded 2 times (x 73B)
Class kotlin.reflect.jvm.internal.impl.descriptors.impl.SubpackagesScope              : loaded 2 times (x 95B)
Class kotlin.reflect.jvm.internal.impl.protobuf.GeneratedMessageLite$ExtensionDescriptor: loaded 2 times (x 85B)
Class kotlin.reflect.jvm.internal.impl.load.java.lazy.LazyJavaPackageFragmentProvider : loaded 2 times (x 82B)
Class kotlin.reflect.jvm.internal.impl.resolve.jvm.JvmPrimitiveType                   : loaded 2 times (x 81B)
Class kotlin.text.StringsKt__StringsJVMKt                                             : loaded 2 times (x 73B)
Class kotlin.reflect.jvm.internal.impl.load.java.AnnotationQualifierApplicabilityType : loaded 2 times (x 81B)
Class org.jetbrains.kotlin.cli.common.arguments.K2JVMCompilerArgumentsConfigurator    : loaded 2 times (x 76B)
Class [Lkotlin.reflect.jvm.internal.impl.resolve.ExternalOverridabilityCondition$Result;: loaded 2 times (x 71B)
Class kotlin.reflect.jvm.internal.impl.builtins.jvm.CloneableClassScope               : loaded 2 times (x 96B)
Class kotlin.reflect.jvm.internal.impl.serialization.deserialization.descriptors.DeserializedPackageMemberScope: loaded 2 times (x 105B)
Class kotlin.reflect.jvm.internal.impl.serialization.deserialization.descriptors.DeserializedMemberScope$Implementation: loaded 2 times (x 72B)
Class kotlin.reflect.jvm.internal.impl.serialization.deserialization.descriptors.DeserializedAnnotations: loaded 2 times (x 91B)
Class kotlin.reflect.jvm.internal.impl.load.kotlin.KotlinClassFinder$Result$KotlinClass: loaded 2 times (x 74B)
Class kotlin.reflect.jvm.internal.impl.load.kotlin.header.KotlinClassHeader           : loaded 2 times (x 74B)
Class kotlin.reflect.jvm.internal.impl.protobuf.WireFormat$FieldType$1                : loaded 2 times (x 84B)
Class kotlin.reflect.jvm.internal.impl.descriptors.Visibilities$Protected             : loaded 2 times (x 77B)
Class kotlin.reflect.jvm.internal.impl.renderer.RenderingFormat                       : loaded 2 times (x 82B)
Class kotlin.reflect.jvm.internal.impl.load.kotlin.DeserializationComponentsForJavaKt : loaded 2 times (x 73B)
Class kotlin.reflect.jvm.internal.impl.builtins.KotlinBuiltIns$1                      : loaded 2 times (x 79B)
Class kotlin.text.StringsKt__IndentKt                                                 : loaded 2 times (x 73B)
Class kotlin.collections.SetsKt                                                       : loaded 2 times (x 73B)
Class kotlin.sequences.DropTakeSequence                                               : loaded 2 times (x 72B)
Class com.google.common.collect.SingletonImmutableList                                : loaded 2 times (x 209B)
Class com.google.common.cache.CacheBuilder                                            : loaded 2 times (x 74B)
Class Settings_gradle$1                                                               : loaded 2 times (x 76B)
Class org.gradle.internal.classpath.ClassPath                                         : loaded 2 times (x 72B)
Class kotlin.reflect.jvm.internal.impl.types.DisjointKeysUnionTypeSubstitution        : loaded 2 times (x 80B)
Class kotlin.reflect.jvm.internal.impl.util.collectionUtils.ScopeUtilsKt              : loaded 2 times (x 73B)
Class kotlin.reflect.jvm.internal.impl.protobuf.WireFormat$FieldType$2                : loaded 2 times (x 84B)
Class kotlin.reflect.jvm.internal.impl.descriptors.DescriptorVisibilities             : loaded 2 times (x 73B)
Class kotlin.reflect.jvm.internal.impl.descriptors.ModuleDescriptor$DefaultImpls      : loaded 2 times (x 73B)
Class kotlin.reflect.jvm.internal.impl.renderer.ClassifierNamePolicy$SHORT            : loaded 2 times (x 76B)
Class kotlin.reflect.jvm.internal.impl.builtins.KotlinBuiltIns$2                      : loaded 2 times (x 79B)
Class kotlin.reflect.jvm.internal.impl.storage.StorageManager                         : loaded 2 times (x 72B)
Class kotlin.reflect.jvm.internal.impl.descriptors.runtime.components.RuntimeErrorReporter: loaded 2 times (x 77B)
Class [Lkotlin.reflect.jvm.internal.impl.name.FqName;                                 : loaded 2 times (x 71B)
Class kotlin.reflect.KFunction                                                        : loaded 2 times (x 72B)
Class com.google.common.base.JdkPattern                                               : loaded 2 times (x 77B)
Class com.google.common.collect.ImmutableList$ReverseImmutableList                    : loaded 2 times (x 211B)
Class org.jetbrains.kotlin.daemon.common.MultiModuleICSettings                        : loaded 2 times (x 74B)
Class org.jetbrains.kotlin.cli.common.arguments.Enables                               : loaded 2 times (x 72B)
Class org.jetbrains.kotlin.cli.common.arguments.Freezable                             : loaded 2 times (x 74B)
Class kotlin.reflect.jvm.internal.impl.utils.SmartSet$Companion                       : loaded 2 times (x 73B)
Class kotlin.reflect.jvm.internal.impl.protobuf.CodedInputStream                      : loaded 2 times (x 74B)
Class kotlin.reflect.jvm.internal.impl.load.java.lazy.descriptors.LazyJavaScope       : loaded 2 times (x 106B)
Class kotlin.reflect.jvm.internal.impl.protobuf.WireFormat$FieldType$3                : loaded 2 times (x 84B)
Class kotlin.reflect.jvm.internal.impl.incremental.components.LookupTracker           : loaded 2 times (x 72B)
Class kotlin.reflect.jvm.internal.impl.storage.LockBasedStorageManager$CacheWithNullableValuesBasedOnMemoizedFunction: loaded 2 times (x 85B)
Class kotlin.reflect.jvm.internal.impl.builtins.KotlinBuiltIns$3                      : loaded 2 times (x 79B)
Class kotlin.collections.MapsKt__MapsKt                                               : loaded 2 times (x 73B)
Class kotlin.jvm.internal.Lambda                                                      : loaded 2 times (x 77B)
Class [Lkotlin.reflect.KDeclarationContainer;                                         : loaded 2 times (x 71B)
Class org.objectweb.asm.SymbolTable$Entry                                             : loaded 2 times (x 75B)
Class org.gradle.api.internal.classpath.DefaultModuleRegistry$DefaultModuleAlias      : loaded 2 times (x 82B)
Class kotlin.jvm.internal.markers.KMutableMap$Entry                                   : loaded 2 times (x 72B)
Class kotlin.reflect.jvm.internal.impl.resolve.OverridingUtil$OverrideCompatibilityInfo: loaded 2 times (x 75B)
Class kotlin.reflect.jvm.internal.impl.types.checker.ClassicTypeCheckerStateKt        : loaded 2 times (x 73B)
Class [Lkotlin.reflect.jvm.internal.impl.resolve.scopes.MemberScope;                  : loaded 2 times (x 71B)
Class kotlin.reflect.jvm.internal.impl.protobuf.WireFormat$FieldType$4                : loaded 2 times (x 84B)
Class kotlin.reflect.jvm.internal.impl.descriptors.impl.FunctionDescriptorImpl        : loaded 2 times (x 193B)
Class kotlin.reflect.jvm.internal.impl.types.ClassifierBasedTypeConstructor           : loaded 2 times (x 88B)
Class kotlin.reflect.jvm.internal.impl.renderer.PropertyAccessorRenderingPolicy       : loaded 2 times (x 81B)
Class kotlin.reflect.jvm.internal.impl.load.kotlin.AbstractBinaryClassAnnotationAndConstantLoader: loaded 2 times (x 101B)
Class kotlin.reflect.jvm.internal.impl.incremental.components.LookupTracker$DO_NOTHING: loaded 2 times (x 77B)
Class kotlin.reflect.jvm.internal.impl.builtins.KotlinBuiltIns$4                      : loaded 2 times (x 79B)
Class org.objectweb.asm.Edge                                                          : loaded 2 times (x 74B)
Class com.google.common.collect.Iterators$1                                           : loaded 2 times (x 83B)
Class com.google.common.base.Suppliers$SupplierOfInstance                             : loaded 2 times (x 81B)
Class kotlin.collections.AbstractMutableSet                                           : loaded 2 times (x 144B)
Class kotlin.reflect.jvm.internal.impl.types.model.TypeSystemContext                  : loaded 2 times (x 72B)
Class kotlin.reflect.jvm.internal.impl.load.java.structure.ListBasedJavaAnnotationOwner: loaded 2 times (x 72B)
Class kotlin.Metadata                                                                 : loaded 2 times (x 72B)
Class kotlin.reflect.jvm.internal.impl.descriptors.runtime.components.RuntimeSourceElementFactory$RuntimeSourceElement: loaded 2 times (x 80B)
Class kotlin.reflect.jvm.internal.impl.descriptors.runtime.structure.ReflectJavaClass : loaded 2 times (x 117B)
Class kotlin.reflect.jvm.internal.impl.serialization.deserialization.SuspendFunctionTypeUtilKt: loaded 2 times (x 73B)
Class kotlin.reflect.jvm.internal.impl.metadata.ProtoBuf$QualifiedNameTable$QualifiedName$Kind: loaded 2 times (x 84B)
Class kotlin.reflect.jvm.internal.impl.metadata.ProtoBuf$StringTable$1                : loaded 2 times (x 89B)
Class kotlin.reflect.jvm.internal.impl.metadata.deserialization.Flags$EnumLiteFlagField: loaded 2 times (x 78B)
Class kotlin.reflect.jvm.internal.impl.serialization.deserialization.FlexibleTypeDeserializer$ThrowException: loaded 2 times (x 76B)
Class kotlin.reflect.jvm.internal.impl.metadata.jvm.JvmProtoBuf                       : loaded 2 times (x 73B)
Class kotlin.reflect.jvm.internal.impl.descriptors.impl.ClassDescriptorBase           : loaded 2 times (x 176B)
Class kotlin.properties.Delegates                                                     : loaded 2 times (x 73B)
Class kotlin.reflect.jvm.internal.impl.resolve.constants.IntegerValueConstant         : loaded 2 times (x 76B)
Class kotlin.reflect.jvm.internal.impl.types.checker.NewKotlinTypeChecker$Companion   : loaded 2 times (x 73B)
Class kotlin.reflect.jvm.internal.impl.load.java.JavaClassesTracker                   : loaded 2 times (x 72B)
Class kotlin.reflect.jvm.internal.impl.builtins.ReflectionTypes$Companion             : loaded 2 times (x 73B)
Class kotlin.reflect.jvm.internal.impl.descriptors.DeclarationDescriptorNonRoot       : loaded 2 times (x 72B)
Class kotlin.UninitializedPropertyAccessException                                     : loaded 2 times (x 84B)
Class com.google.common.collect.SingletonImmutableSet                                 : loaded 2 times (x 148B)
Class com.google.common.cache.LocalCache$ComputingValueReference                      : loaded 2 times (x 98B)
Class com.google.common.collect.ImmutableMap$IteratorBasedImmutableMap                : loaded 2 times (x 128B)
Class [Lorg.jetbrains.kotlin.cli.common.messages.CompilerMessageSeverity;             : loaded 2 times (x 71B)
Class kotlin.reflect.jvm.internal.impl.load.java.components.DescriptorResolverUtils$1 : loaded 2 times (x 79B)
Class kotlin.reflect.jvm.internal.impl.load.kotlin.KotlinJvmBinarySourceElement       : loaded 2 times (x 80B)
Class kotlin.reflect.jvm.internal.impl.descriptors.impl.ModuleDependencies            : loaded 2 times (x 72B)
Class kotlin.reflect.jvm.internal.impl.renderer.DescriptorRendererOptions             : loaded 2 times (x 72B)
Class kotlin.reflect.jvm.internal.impl.metadata.deserialization.BinaryVersion         : loaded 2 times (x 74B)
Class kotlin.reflect.KProperty$Getter                                                 : loaded 2 times (x 72B)
Class com.google.common.cache.LocalCache$Segment                                      : loaded 2 times (x 155B)
Class kotlin.reflect.jvm.internal.impl.types.FlexibleTypesKt                          : loaded 2 times (x 73B)
Class kotlin.reflect.jvm.internal.impl.metadata.jvm.JvmProtoBuf$StringTableTypes$Record$1: loaded 2 times (x 89B)
Class kotlin.reflect.jvm.internal.impl.types.WrappedType                              : loaded 2 times (x 85B)
Class kotlin.SafePublicationLazyImpl                                                  : loaded 2 times (x 78B)
Class kotlin.reflect.jvm.internal.ReflectProperties                                   : loaded 2 times (x 73B)
Class com.google.common.collect.AbstractListMultimap                                  : loaded 2 times (x 173B)
Class [Lorg.objectweb.asm.SymbolTable$Entry;                                          : loaded 2 times (x 71B)
Class com.google.common.collect.Iterators$4                                           : loaded 2 times (x 84B)
Class com.google.common.cache.CacheLoader                                             : loaded 2 times (x 76B)
Class com.google.common.collect.ImmutableBiMap                                        : loaded 2 times (x 145B)
Class org.gradle.api.internal.classpath.ModuleRegistry                                : loaded 2 times (x 72B)
Class org.gradle.internal.installation.GradleInstallation$1                           : loaded 2 times (x 77B)
Class kotlin.reflect.jvm.internal.impl.types.AbstractStubType                         : loaded 2 times (x 93B)
Class kotlin.reflect.jvm.internal.impl.metadata.deserialization.NameResolver          : loaded 2 times (x 72B)
Class kotlin.reflect.jvm.internal.impl.descriptors.FindClassInModuleKt                : loaded 2 times (x 73B)
Class [Lkotlin.reflect.jvm.internal.impl.descriptors.DeclarationDescriptor;           : loaded 2 times (x 71B)
Class kotlin.reflect.jvm.internal.impl.metadata.ProtoBuf$VersionRequirementTableOrBuilder: loaded 2 times (x 72B)
Class kotlin.reflect.jvm.internal.impl.metadata.ProtoBuf$ValueParameter$1             : loaded 2 times (x 89B)
Class kotlin.reflect.jvm.internal.impl.descriptors.FieldDescriptor                    : loaded 2 times (x 72B)
Class com.google.common.collect.ImmutableSet$JdkBackedSetBuilderImpl                  : loaded 2 times (x 78B)
Class com.google.common.util.concurrent.internal.InternalFutureFailureAccess          : loaded 2 times (x 74B)
Class com.google.common.collect.Iterators$5                                           : loaded 2 times (x 84B)
Class kotlin.text.RegexKt                                                             : loaded 2 times (x 73B)
Class kotlin.reflect.jvm.internal.impl.serialization.deserialization.descriptors.DeserializedPropertyDescriptor: loaded 2 times (x 212B)
Class kotlin.reflect.jvm.internal.impl.descriptors.runtime.structure.ReflectJavaType$Factory: loaded 2 times (x 73B)
Class kotlin.reflect.jvm.internal.impl.metadata.ProtoBuf$Modality$1                   : loaded 2 times (x 76B)
Class kotlin.reflect.jvm.internal.impl.protobuf.ByteString                            : loaded 2 times (x 99B)
Class kotlin.reflect.jvm.internal.impl.serialization.deserialization.LocalClassifierTypeSettings: loaded 2 times (x 72B)
Class kotlin.reflect.jvm.internal.impl.load.java.ReportLevel$Companion                : loaded 2 times (x 73B)
Class kotlin.reflect.jvm.internal.impl.load.java.ReportLevel                          : loaded 2 times (x 81B)
Class kotlin.reflect.jvm.internal.impl.load.java.JavaClassFinder                      : loaded 2 times (x 72B)
Class kotlin.reflect.jvm.internal.KDeclarationContainerImpl                           : loaded 2 times (x 86B)
Class com.google.common.cache.LocalCache$LocalManualCache$1                           : loaded 2 times (x 77B)
Class com.google.common.base.CharMatcher$ForPredicate                                 : loaded 2 times (x 114B)
Class kotlin.io.FilesKt__UtilsKt                                                      : loaded 2 times (x 73B)
Class kotlin.reflect.jvm.internal.impl.metadata.ProtoBuf$PackageFragment$1            : loaded 2 times (x 89B)
Class kotlin.reflect.jvm.internal.impl.protobuf.SmallSortedMap$EntrySet               : loaded 2 times (x 139B)
Class kotlin.reflect.jvm.internal.impl.protobuf.CodedOutputStream                     : loaded 2 times (x 74B)
Class kotlin.reflect.jvm.internal.impl.load.java.structure.JavaPackage                : loaded 2 times (x 72B)
Class kotlin.reflect.jvm.internal.impl.util.ModuleVisibilityHelper$EMPTY              : loaded 2 times (x 76B)
Class kotlin.reflect.jvm.internal.impl.descriptors.impl.ModuleAwareClassDescriptor    : loaded 2 times (x 174B)
Class kotlin.collections.CollectionsKt__CollectionsJVMKt                              : loaded 2 times (x 73B)
Class com.google.common.base.CharMatcher$AnyOf                                        : loaded 2 times (x 114B)
Class com.google.common.collect.ImmutableCollection                                   : loaded 2 times (x 127B)
Class org.gradle.api.internal.classpath.DefaultModuleRegistry                         : loaded 2 times (x 86B)
Class kotlin.collections.builders.MapBuilder$Itr                                      : loaded 2 times (x 74B)
Class kotlin.reflect.jvm.internal.impl.load.java.lazy.descriptors.DeclaredMemberIndex : loaded 2 times (x 72B)
Class kotlin.reflect.jvm.internal.impl.name.CallableId$Companion                      : loaded 2 times (x 73B)
Class kotlin.sequences.SequencesKt                                                    : loaded 2 times (x 73B)
Class kotlin.reflect.jvm.internal.impl.metadata.ProtoBuf$Type$Argument$1              : loaded 2 times (x 89B)
Class kotlin.collections.IndexedValue                                                 : loaded 2 times (x 74B)
Class kotlin.reflect.jvm.internal.impl.descriptors.impl.AbstractClassDescriptor$1     : loaded 2 times (x 79B)
Class kotlin.reflect.jvm.internal.impl.types.LazyWrappedType                          : loaded 2 times (x 86B)
Class kotlin.reflect.jvm.internal.impl.load.java.lazy.types.JavaTypeFlexibility       : loaded 2 times (x 81B)
Class kotlin.KotlinVersionCurrentValue                                                : loaded 2 times (x 73B)
Class kotlin.reflect.jvm.internal.impl.storage.MemoizedFunctionToNotNull              : loaded 2 times (x 72B)
Class kotlin.reflect.jvm.internal.impl.descriptors.runtime.components.RuntimeModuleData$Companion: loaded 2 times (x 73B)
Class kotlin.reflect.jvm.internal.impl.name.SpecialNames                              : loaded 2 times (x 73B)
Class kotlin.collections.CollectionsKt__IteratorsKt                                   : loaded 2 times (x 73B)
Class com.google.common.collect.Lists                                                 : loaded 2 times (x 73B)
Class com.google.common.util.concurrent.ListenableFuture                              : loaded 2 times (x 72B)
Class com.google.common.cache.ReferenceEntry                                          : loaded 2 times (x 72B)
Class com.google.common.base.Converter                                                : loaded 2 times (x 92B)
Class com.google.common.collect.ImmutableSet$CachingAsList                            : loaded 2 times (x 150B)
Class kotlin.jvm.internal.markers.KMutableSet                                         : loaded 2 times (x 72B)
Class kotlin.reflect.jvm.internal.impl.descriptors.TypeAliasDescriptor                : loaded 2 times (x 72B)
Class [Lkotlin.reflect.jvm.internal.impl.metadata.ProtoBuf$VersionRequirement$VersionKind;: loaded 2 times (x 71B)
Class kotlin.reflect.jvm.internal.impl.protobuf.Internal$EnumLite                     : loaded 2 times (x 72B)
Class kotlin.reflect.jvm.internal.impl.descriptors.Visibilities$Public                : loaded 2 times (x 77B)
Class kotlin.reflect.jvm.internal.impl.descriptors.SimpleFunctionDescriptor           : loaded 2 times (x 72B)
Class kotlin.reflect.jvm.internal.impl.descriptors.ReceiverParameterDescriptor        : loaded 2 times (x 72B)
Class kotlin.reflect.jvm.internal.impl.descriptors.impl.AbstractClassDescriptor$2     : loaded 2 times (x 79B)
Class kotlin.reflect.jvm.internal.impl.descriptors.SourceElement                      : loaded 2 times (x 72B)
Class kotlin.text.StringsKt                                                           : loaded 2 times (x 73B)
Class com.google.common.collect.AbstractMapBasedMultimap                              : loaded 2 times (x 140B)
Class com.google.common.util.concurrent.AbstractFuture                                : loaded 2 times (x 108B)
Class kotlin.sequences.FlatteningSequence                                             : loaded 2 times (x 77B)
Class com.google.common.collect.ImmutableAsList                                       : loaded 2 times (x 211B)
Class com.google.common.base.FunctionalEquivalence                                    : loaded 2 times (x 85B)
Class kotlin.reflect.jvm.internal.impl.metadata.ProtoBuf$QualifiedNameTable$QualifiedNameOrBuilder: loaded 2 times (x 72B)
Class kotlin.reflect.jvm.internal.impl.builtins.BuiltInsPackageFragment               : loaded 2 times (x 72B)
Class kotlin.reflect.jvm.internal.impl.serialization.deserialization.descriptors.DeserializedContainerSource: loaded 2 times (x 72B)
Class kotlin.reflect.jvm.internal.impl.metadata.ProtoBuf$Package                      : loaded 2 times (x 103B)
Class kotlin.reflect.jvm.internal.impl.metadata.ProtoBuf$Constructor                  : loaded 2 times (x 103B)
Class kotlin.reflect.jvm.internal.impl.descriptors.impl.AbstractClassDescriptor$3     : loaded 2 times (x 79B)
Class kotlin.reflect.jvm.internal.impl.types.model.TypeConstructorMarker              : loaded 2 times (x 72B)
Class kotlin.reflect.jvm.internal.impl.load.java.ErasedOverridabilityCondition        : loaded 2 times (x 77B)
Class kotlin.LazyKt__LazyJVMKt                                                        : loaded 2 times (x 73B)
Class org.objectweb.asm.RecordComponentVisitor                                        : loaded 2 times (x 79B)
Class com.google.common.cache.CacheLoader$SupplierToCacheLoader                       : loaded 2 times (x 77B)
Class [Lorg.jetbrains.kotlin.cli.common.ExitCode;                                     : loaded 2 times (x 71B)
Class kotlin.text.MatchNamedGroupCollection                                           : loaded 2 times (x 72B)
Class kotlin.io.FilesKt__FileReadWriteKt                                              : loaded 2 times (x 73B)
Class kotlin.jvm.internal.markers.KMutableList                                        : loaded 2 times (x 72B)
Class kotlin.reflect.jvm.internal.impl.descriptors.java.JavaVisibilities$ProtectedAndPackage: loaded 2 times (x 77B)
Class kotlin.reflect.jvm.internal.impl.descriptors.impl.FieldDescriptorImpl           : loaded 2 times (x 80B)
Class kotlin.reflect.jvm.internal.impl.types.model.FlexibleTypeMarker                 : loaded 2 times (x 72B)
Class kotlin.reflect.jvm.internal.impl.load.java.FakePureImplementationsProvider      : loaded 2 times (x 73B)
Class kotlin.reflect.jvm.internal.impl.builtins.jvm.JvmBuiltInsSignatures             : loaded 2 times (x 73B)
Class [Lkotlin.reflect.jvm.internal.impl.metadata.ProtoBuf$Modality;                  : loaded 2 times (x 71B)
Class kotlin.reflect.jvm.internal.impl.metadata.deserialization.Flags$BooleanFlagField: loaded 2 times (x 77B)
Class kotlin.reflect.jvm.internal.impl.metadata.ProtoBuf$Annotation$Argument$Value    : loaded 2 times (x 98B)
Class kotlin.reflect.jvm.internal.impl.protobuf.LazyFieldLite                         : loaded 2 times (x 78B)
Class kotlin.reflect.jvm.internal.impl.descriptors.PropertyGetterDescriptor           : loaded 2 times (x 72B)
Class kotlin.reflect.jvm.internal.impl.descriptors.impl.PackageFragmentDescriptorImpl : loaded 2 times (x 107B)
Class kotlin.reflect.jvm.internal.impl.builtins.jvm.JvmBuiltInsCustomizer             : loaded 2 times (x 83B)
Class [Lkotlin.Pair;                                                                  : loaded 2 times (x 71B)
Class kotlin.text.StringsKt__StringNumberConversionsKt                                : loaded 2 times (x 73B)
Class com.google.common.collect.Maps$EntryTransformer                                 : loaded 2 times (x 72B)
Class org.gradle.internal.service.ServiceLookupException                              : loaded 2 times (x 84B)
Class org.jetbrains.kotlin.cli.common.CompilerSystemProperties$value$2                : loaded 2 times (x 131B)
Class [Lorg.jetbrains.kotlin.tooling.core.KotlinToolingVersion$Maturity;              : loaded 2 times (x 71B)
Class kotlin.reflect.jvm.internal.impl.load.java.UtilsKt                              : loaded 2 times (x 73B)
Class [Lkotlin.sequences.Sequence;                                                    : loaded 2 times (x 71B)
Class kotlin.reflect.jvm.internal.impl.resolve.OverridingUtil$OverrideCompatibilityInfo$Result: loaded 2 times (x 81B)
Class kotlin.reflect.jvm.internal.impl.descriptors.impl.LazyPackageViewDescriptorImpl : loaded 2 times (x 104B)
Class kotlin.reflect.jvm.internal.impl.metadata.ProtoBuf$TypeTable                    : loaded 2 times (x 98B)
Class kotlin.reflect.jvm.internal.impl.protobuf.MessageLiteOrBuilder                  : loaded 2 times (x 72B)
Class kotlin.jvm.internal.MutablePropertyReference1Impl                               : loaded 2 times (x 178B)
Class kotlin.reflect.jvm.internal.impl.serialization.deserialization.AnnotationAndConstantLoader: loaded 2 times (x 72B)
Class kotlin.reflect.jvm.internal.impl.load.java.components.JavaPropertyInitializerEvaluator$DoNothing: loaded 2 times (x 76B)
Class [Lkotlin.reflect.jvm.internal.impl.load.java.ReportLevel;                       : loaded 2 times (x 71B)
Class kotlin.reflect.jvm.internal.impl.storage.LockBasedStorageManager$MapBasedMemoizedFunction: loaded 2 times (x 84B)
Class kotlin.reflect.jvm.internal.impl.storage.NotNullLazyValue                       : loaded 2 times (x 72B)
Class com.google.common.collect.Lists$ReverseList                                     : loaded 2 times (x 202B)
Class [Lcom.google.common.cache.LocalCache$EntryFactory;                              : loaded 2 times (x 71B)
Class org.gradle.internal.classloader.ClassLoaderFactory                              : loaded 2 times (x 72B)
Class [Lorg.jetbrains.kotlin.build.report.metrics.ValueType;                          : loaded 2 times (x 71B)
Class kotlin.reflect.jvm.internal.impl.resolve.VisibilityUtilKt                       : loaded 2 times (x 73B)
Class org.jetbrains.kotlin.cli.common.arguments.ArgumentParseErrors                   : loaded 2 times (x 74B)
Class kotlin.reflect.jvm.internal.impl.descriptors.impl.PropertyAccessorDescriptorImpl: loaded 2 times (x 188B)
Class kotlin.reflect.jvm.internal.impl.descriptors.impl.TypeAliasConstructorDescriptor: loaded 2 times (x 72B)
Class [Lkotlin.reflect.jvm.internal.impl.descriptors.Named;                           : loaded 2 times (x 71B)
Class kotlin.reflect.jvm.internal.impl.metadata.ProtoBuf$TypeTable$1                  : loaded 2 times (x 89B)
Class kotlin.reflect.jvm.internal.impl.protobuf.WireFormat$FieldType                  : loaded 2 times (x 84B)
Class kotlin.reflect.jvm.internal.impl.descriptors.FunctionDescriptor$CopyBuilder     : loaded 2 times (x 72B)
Class kotlin.reflect.jvm.internal.impl.renderer.ClassifierNamePolicy$SOURCE_CODE_QUALIFIED: loaded 2 times (x 76B)
Class kotlin.reflect.jvm.internal.impl.builtins.PrimitiveType                         : loaded 2 times (x 81B)
Class com.google.common.base.CommonPattern                                            : loaded 2 times (x 76B)
Class com.google.common.cache.LocalCache$LocalManualCache                             : loaded 2 times (x 101B)
Class com.google.common.base.CharMatcher$IsNot                                        : loaded 2 times (x 113B)
Class org.gradle.internal.service.CachingServiceLocator                               : loaded 2 times (x 84B)
Class org.jetbrains.kotlin.tooling.core.KotlinToolingVersionKt                        : loaded 2 times (x 73B)
Class kotlin.collections.AbstractList$IteratorImpl                                    : loaded 2 times (x 84B)
Class kotlin.reflect.jvm.internal.impl.serialization.deserialization.descriptors.DeserializedMemberScope$OptimizedImplementation$computeDescriptors$1$1: loaded 2 times (x 81B)
Class kotlin.reflect.jvm.internal.impl.load.kotlin.KotlinJvmBinaryClass               : loaded 2 times (x 72B)
Class kotlin.reflect.jvm.internal.impl.descriptors.impl.CompositePackageFragmentProvider: loaded 2 times (x 82B)
Class kotlin.reflect.jvm.internal.impl.metadata.ProtoBuf$Contract                     : loaded 2 times (x 98B)
Class kotlin.reflect.jvm.internal.impl.descriptors.impl.PropertyDescriptorImpl        : loaded 2 times (x 200B)
Class kotlin.reflect.jvm.internal.impl.descriptors.Visibilities$Unknown               : loaded 2 times (x 77B)
Class kotlin.reflect.jvm.internal.impl.serialization.deserialization.DeserializationComponents: loaded 2 times (x 74B)
Class kotlin.reflect.jvm.internal.impl.types.checker.KotlinTypeChecker                : loaded 2 times (x 72B)
Class kotlin.reflect.jvm.internal.impl.descriptors.runtime.components.ReflectKotlinClassFinder: loaded 2 times (x 81B)
Class kotlin.jvm.internal.CallableReference                                           : loaded 2 times (x 112B)
Class com.google.common.collect.AbstractMapBasedMultimap$KeySet                       : loaded 2 times (x 139B)
Class com.google.common.math.IntMath                                                  : loaded 2 times (x 73B)
Class kotlin.jvm.internal.markers.KMutableMap                                         : loaded 2 times (x 72B)
Class kotlin.reflect.jvm.internal.impl.builtins.jvm.JvmBuiltIns$Settings              : loaded 2 times (x 74B)
Class kotlin.ranges.IntRange                                                          : loaded 2 times (x 95B)
Class kotlin.reflect.jvm.internal.impl.metadata.deserialization.ProtoTypeTableUtilKt  : loaded 2 times (x 73B)
Class kotlin.reflect.jvm.internal.impl.metadata.jvm.JvmProtoBuf$StringTableTypes$1    : loaded 2 times (x 89B)
Class kotlin.reflect.jvm.internal.impl.protobuf.MessageLite$Builder                   : loaded 2 times (x 72B)
Class kotlin.reflect.jvm.internal.impl.descriptors.Visibilities$Local                 : loaded 2 times (x 77B)
Class kotlin.reflect.jvm.internal.impl.descriptors.CallableMemberDescriptor$Kind      : loaded 2 times (x 81B)
Class kotlin.properties.ReadOnlyProperty                                              : loaded 2 times (x 72B)
Class kotlin.reflect.jvm.internal.impl.descriptors.CallableDescriptor                 : loaded 2 times (x 72B)
Class kotlin.reflect.jvm.internal.impl.descriptors.runtime.structure.ReflectClassUtilKt: loaded 2 times (x 73B)
Class com.google.common.collect.ImmutableMapEntry                                     : loaded 2 times (x 87B)
Class org.jetbrains.kotlin.build.report.metrics.DoNothingBuildMetricsReporter         : loaded 2 times (x 88B)
Class kotlin.reflect.jvm.internal.impl.protobuf.ProtocolStringList                    : loaded 2 times (x 72B)
Class kotlin.reflect.jvm.internal.impl.serialization.deserialization.TypeDeserializer : loaded 2 times (x 74B)
Class kotlin.reflect.jvm.internal.impl.descriptors.PropertyDescriptor                 : loaded 2 times (x 72B)
Class kotlin.reflect.jvm.internal.impl.renderer.DescriptorRenderer$ValueParametersHandler: loaded 2 times (x 72B)
Class kotlin.reflect.jvm.internal.impl.storage.LockBasedStorageManager$LockBasedLazyValue: loaded 2 times (x 83B)
Class kotlin.reflect.jvm.internal.impl.serialization.deserialization.builtins.BuiltInsResourceLoader: loaded 2 times (x 74B)
Class kotlin.enums.EnumEntries                                                        : loaded 2 times (x 72B)
Class com.google.common.base.Equivalence                                              : loaded 2 times (x 84B)
Class com.google.common.base.Function                                                 : loaded 2 times (x 72B)
Class com.google.common.collect.ImmutableMapEntry$NonTerminalImmutableMapEntry        : loaded 2 times (x 87B)
Class [Lorg.jetbrains.kotlin.cli.common.CompilerSystemProperties;                     : loaded 2 times (x 71B)
Class kotlin.reflect.jvm.internal.impl.resolve.scopes.receivers.ImplicitClassReceiver : loaded 2 times (x 84B)
Class kotlin.reflect.jvm.internal.impl.descriptors.runtime.components.PackagePartScopeCache: loaded 2 times (x 74B)
Class kotlin.reflect.jvm.internal.impl.metadata.ProtoBuf$Annotation$Argument$ValueOrBuilder: loaded 2 times (x 72B)
Class kotlin.reflect.jvm.internal.impl.serialization.deserialization.AnnotationDeserializer: loaded 2 times (x 74B)
Class kotlin.reflect.jvm.internal.impl.load.java.components.SignaturePropagator       : loaded 2 times (x 72B)
Class kotlin.reflect.jvm.internal.impl.load.kotlin.DeserializationComponentsForJava$Companion: loaded 2 times (x 73B)
Class com.google.common.collect.RegularImmutableList                                  : loaded 2 times (x 215B)
Class com.google.common.cache.CacheBuilder$OneWeigher                                 : loaded 2 times (x 84B)
Class kotlin.reflect.jvm.internal.impl.load.java.structure.JavaClassifierType         : loaded 2 times (x 72B)
Class kotlin.reflect.jvm.internal.impl.resolve.ExternalOverridabilityCondition$Result : loaded 2 times (x 81B)
Class kotlin.reflect.jvm.internal.impl.metadata.ProtoBuf$Annotation$Argument          : loaded 2 times (x 98B)
Class kotlin.reflect.jvm.internal.impl.resolve.scopes.InnerClassesScopeWrapper        : loaded 2 times (x 95B)
Class kotlin.reflect.jvm.internal.impl.protobuf.GeneratedMessageLite$Builder          : loaded 2 times (x 91B)
Class [Lkotlin.reflect.jvm.internal.impl.metadata.ProtoBuf$MemberKind;                : loaded 2 times (x 71B)
Class kotlin.reflect.jvm.internal.impl.descriptors.runtime.components.ReflectJavaClassFinderKt: loaded 2 times (x 73B)
Class kotlin.reflect.jvm.internal.impl.metadata.ProtoBuf$TypeParameter$Variance       : loaded 2 times (x 84B)
Class kotlin.reflect.jvm.internal.impl.metadata.ProtoBuf$Type                         : loaded 2 times (x 103B)
Class kotlin.reflect.jvm.internal.impl.protobuf.AbstractMessageLite                   : loaded 2 times (x 93B)
Class kotlin.reflect.jvm.internal.impl.descriptors.VariableAccessorDescriptor         : loaded 2 times (x 72B)
Class kotlin.reflect.jvm.internal.impl.load.kotlin.header.KotlinClassHeader$Kind      : loaded 2 times (x 81B)
Class kotlin.reflect.jvm.internal.impl.descriptors.annotations.AnnotatedImpl          : loaded 2 times (x 78B)
Class kotlin.reflect.jvm.internal.impl.types.model.SimpleTypeMarker                   : loaded 2 times (x 72B)
Class kotlin.reflect.jvm.internal.impl.serialization.deserialization.ErrorReporter    : loaded 2 times (x 72B)
Class kotlin.reflect.jvm.internal.KDeclarationContainerImpl$Companion                 : loaded 2 times (x 73B)
Class org.gradle.internal.classloader.ClasspathUtil                                   : loaded 2 times (x 73B)
Class org.jetbrains.kotlin.build.report.metrics.RUN_COMPILATION                       : loaded 2 times (x 74B)
Class kotlin.collections.builders.SetBuilder                                          : loaded 2 times (x 145B)
Class kotlin.jvm.internal.RepeatableContainer                                         : loaded 2 times (x 72B)
Class org.jetbrains.kotlin.cli.common.arguments.ParseCommandLineArgumentsKt           : loaded 2 times (x 73B)
Class kotlin.reflect.jvm.internal.impl.resolve.ExternalOverridabilityCondition$Contract: loaded 2 times (x 81B)
Class kotlin.sequences.EmptySequence                                                  : loaded 2 times (x 80B)
Class kotlin.reflect.jvm.internal.impl.load.java.sources.JavaSourceElement            : loaded 2 times (x 72B)
Class kotlin.reflect.jvm.internal.impl.load.java.lazy.descriptors.LazyJavaPackageScope$KotlinClassLookupResult$NotFound: loaded 2 times (x 73B)
Class kotlin.reflect.jvm.internal.impl.metadata.ProtoBuf$QualifiedNameTable$QualifiedName$1: loaded 2 times (x 89B)
Class kotlin.reflect.jvm.internal.impl.metadata.ProtoBuf$QualifiedNameTable           : loaded 2 times (x 98B)
Class kotlin.reflect.jvm.internal.impl.load.kotlin.SignatureBuildingComponents        : loaded 2 times (x 73B)
Class kotlin.reflect.jvm.internal.impl.metadata.jvm.JvmProtoBuf$JvmMethodSignature$Builder: loaded 2 times (x 93B)
Class kotlin.reflect.jvm.internal.CreateKCallableVisitor                              : loaded 2 times (x 106B)
Class kotlin.reflect.jvm.internal.impl.metadata.jvm.JvmProtoBuf$JvmFieldSignatureOrBuilder: loaded 2 times (x 72B)
Class kotlin.reflect.jvm.internal.impl.resolve.scopes.MemberScope                     : loaded 2 times (x 72B)
Class kotlin.reflect.jvm.internal.impl.storage.StorageKt                              : loaded 2 times (x 73B)
Class kotlin.jvm.internal.PropertyReference0                                          : loaded 2 times (x 149B)
Class com.google.common.util.concurrent.Uninterruptibles                              : loaded 2 times (x 73B)
Class kotlin.reflect.jvm.internal.impl.types.checker.ClassicTypeSystemContext         : loaded 2 times (x 72B)
Class kotlin.reflect.jvm.internal.impl.load.kotlin.header.ReadKotlinClassHeaderAnnotationVisitor$CollectStringArrayAnnotationVisitor: loaded 2 times (x 87B)
Class kotlin.reflect.jvm.internal.impl.descriptors.DelegatedDescriptorVisibility      : loaded 2 times (x 78B)
Class [Lkotlin.reflect.jvm.internal.impl.load.kotlin.header.KotlinClassHeader$Kind;   : loaded 2 times (x 71B)
Class kotlin.reflect.full.IllegalCallableAccessException                              : loaded 2 times (x 84B)
Class kotlin.jvm.internal.DefaultConstructorMarker                                    : loaded 2 times (x 73B)
Class kotlin.jvm.internal.PropertyReference1                                          : loaded 2 times (x 149B)
Class com.google.common.util.concurrent.LazyLogger                                    : loaded 2 times (x 74B)
Class com.google.common.collect.Maps                                                  : loaded 2 times (x 73B)
Class org.gradle.api.specs.Spec                                                       : loaded 2 times (x 72B)
Class kotlin.jvm.internal.KTypeBase                                                   : loaded 2 times (x 72B)
Class kotlin.reflect.jvm.internal.impl.metadata.jvm.JvmProtoBuf$StringTableTypes$RecordOrBuilder: loaded 2 times (x 72B)
Class kotlin.reflect.jvm.internal.impl.metadata.jvm.deserialization.JvmNameResolver   : loaded 2 times (x 79B)
Class kotlin.reflect.jvm.internal.impl.types.DelegatingSimpleType                     : loaded 2 times (x 93B)
Class kotlin.reflect.jvm.internal.impl.types.AbstractClassTypeConstructor             : loaded 2 times (x 99B)
Class kotlin.reflect.jvm.internal.impl.descriptors.PackageFragmentDescriptor          : loaded 2 times (x 72B)
Class kotlin.reflect.jvm.internal.impl.resolve.constants.UnsignedValueConstant        : loaded 2 times (x 76B)
Class kotlin.jvm.internal.PropertyReference2                                          : loaded 2 times (x 149B)
Class kotlin.jvm.internal.MutablePropertyReference                                    : loaded 2 times (x 125B)
Class kotlin.UnsafeLazyImpl                                                           : loaded 2 times (x 78B)
Class kotlin.LazyKt__LazyJVMKt$WhenMappings                                           : loaded 2 times (x 73B)
Class [Lcom.google.common.collect.ImmutableEntry;                                     : loaded 2 times (x 71B)
Class org.jetbrains.kotlin.build.report.metrics.BuildPerformanceMetric                : loaded 2 times (x 74B)
Class kotlin.jvm.internal.ArrayIterator                                               : loaded 2 times (x 81B)
Class kotlin.reflect.jvm.internal.impl.metadata.jvm.deserialization.JvmMemberSignature: loaded 2 times (x 76B)
Class kotlin.reflect.jvm.internal.impl.load.java.lazy.descriptors.LazyJavaClassMemberScope: loaded 2 times (x 106B)
Class kotlin.reflect.jvm.internal.impl.types.AbstractTypeRefiner                      : loaded 2 times (x 74B)
Class kotlin.reflect.jvm.internal.impl.load.java.lazy.JavaResolverComponents          : loaded 2 times (x 74B)
Class [Lkotlin.reflect.jvm.internal.impl.builtins.jvm.JavaToKotlinClassMap$PlatformMutabilityMapping;: loaded 2 times (x 71B)
Class kotlin.reflect.full.IllegalPropertyDelegateAccessException                      : loaded 2 times (x 84B)
Class kotlin.LazyThreadSafetyMode                                                     : loaded 2 times (x 81B)
Class com.google.common.cache.LocalCache$LoadingValueReference                        : loaded 2 times (x 98B)
Class org.jetbrains.kotlin.incremental.ClasspathSnapshotFiles$Companion               : loaded 2 times (x 73B)
Class kotlin.jvm.internal.SpreadBuilder                                               : loaded 2 times (x 78B)
Class kotlin.reflect.jvm.internal.impl.descriptors.impl.SimpleFunctionDescriptorImpl  : loaded 2 times (x 200B)
Class kotlin.reflect.jvm.internal.impl.serialization.deserialization.descriptors.DeserializedCallableMemberDescriptor: loaded 2 times (x 72B)
Class kotlin.reflect.jvm.internal.impl.serialization.deserialization.builtins.BuiltInsPackageFragmentImpl: loaded 2 times (x 113B)
Class kotlin.reflect.jvm.internal.impl.metadata.ProtoBuf$VersionRequirement$VersionKind: loaded 2 times (x 84B)
Class kotlin.reflect.jvm.internal.impl.descriptors.runtime.components.ReflectKotlinClassFinderKt: loaded 2 times (x 73B)
Class kotlin.reflect.jvm.internal.impl.descriptors.impl.ModuleDependenciesImpl        : loaded 2 times (x 79B)
Class kotlin.reflect.jvm.internal.impl.resolve.jvm.SyntheticJavaPartsProvider$Companion: loaded 2 times (x 73B)
Class kotlin.reflect.jvm.internal.impl.resolve.jvm.SyntheticJavaPartsProvider         : loaded 2 times (x 72B)
Class kotlin.collections.EmptyIterator                                                : loaded 2 times (x 91B)
Class kotlin.reflect.jvm.internal.impl.load.java.JavaTypeEnhancementState$Companion   : loaded 2 times (x 73B)
Class kotlin.reflect.jvm.internal.impl.builtins.jvm.JvmBuiltIns$WhenMappings          : loaded 2 times (x 73B)
Class kotlin.text.StringsKt__RegexExtensionsKt                                        : loaded 2 times (x 73B)
Class kotlin.SynchronizedLazyImpl                                                     : loaded 2 times (x 78B)
Class kotlin.reflect.jvm.internal.impl.load.java.components.DescriptorResolverUtils   : loaded 2 times (x 73B)
Class com.google.common.base.Platform                                                 : loaded 2 times (x 73B)
Class org.jetbrains.kotlin.build.report.metrics.GradleBuildTimeMetric                 : loaded 2 times (x 74B)
Class kotlin.reflect.jvm.internal.calls.CallerImpl$Method$Instance                    : loaded 2 times (x 83B)
Class kotlin.reflect.jvm.internal.calls.CallerImpl$Companion                          : loaded 2 times (x 73B)
Class [Lkotlin.reflect.jvm.internal.impl.descriptors.DeclarationDescriptorWithSource; : loaded 2 times (x 71B)
Class kotlin.sequences.SequencesKt__SequencesJVMKt                                    : loaded 2 times (x 73B)
Class kotlin.reflect.jvm.internal.impl.protobuf.GeneratedMessageLite$ExtendableMessage$ExtensionWriter: loaded 2 times (x 75B)
Class kotlin.reflect.jvm.internal.impl.descriptors.PackageFragmentProviderKt          : loaded 2 times (x 73B)
Class kotlin.reflect.jvm.internal.impl.serialization.deserialization.ClassDeserializer$Companion: loaded 2 times (x 73B)
Class kotlin.reflect.jvm.internal.impl.protobuf.ByteString$ByteIterator               : loaded 2 times (x 72B)
Class kotlin.reflect.jvm.internal.impl.resolve.constants.ShortValue                   : loaded 2 times (x 76B)
Class kotlin.collections.AbstractList                                                 : loaded 2 times (x 199B)
Class kotlin.collections.AbstractCollection                                           : loaded 2 times (x 119B)
Class kotlin.reflect.jvm.internal.impl.resolve.OverridingUtil$3                       : loaded 2 times (x 77B)
Class [Lorg.objectweb.asm.AnnotationWriter;                                           : loaded 2 times (x 71B)
Class com.google.common.collect.Maps$8                                                : loaded 2 times (x 84B)
Class kotlin.reflect.jvm.internal.impl.utils.SmartSet$SingletonIterator               : loaded 2 times (x 83B)
Class kotlin.reflect.jvm.internal.impl.resolve.calls.inference.CapturedTypeConstructorKt: loaded 2 times (x 73B)
Class kotlin.reflect.jvm.internal.impl.types.model.TypeParameterMarker                : loaded 2 times (x 72B)
Class kotlin.Triple                                                                   : loaded 2 times (x 74B)
Class kotlin.reflect.jvm.internal.impl.metadata.deserialization.Flags$FlagField       : loaded 2 times (x 75B)
Class kotlin.reflect.jvm.internal.impl.descriptors.impl.VariableDescriptorImpl        : loaded 2 times (x 143B)
Class kotlin.reflect.jvm.internal.impl.descriptors.ClassConstructorDescriptor         : loaded 2 times (x 72B)
Class kotlin.reflect.jvm.internal.impl.renderer.OverrideRenderingPolicy               : loaded 2 times (x 81B)
Class kotlin.reflect.jvm.internal.impl.utils.WrappedValues$1                          : loaded 2 times (x 73B)
Class kotlin.reflect.jvm.internal.impl.descriptors.deserialization.PlatformDependentDeclarationFilter: loaded 2 times (x 72B)
Class kotlin.reflect.jvm.internal.impl.descriptors.Named                              : loaded 2 times (x 72B)
Class kotlin.text.StringsKt__StringBuilderJVMKt                                       : loaded 2 times (x 73B)
Class kotlin.text.Regex                                                               : loaded 2 times (x 74B)
Class kotlin.LazyKt__LazyKt                                                           : loaded 2 times (x 73B)
Class com.google.common.collect.Lists$ReverseList$1                                   : loaded 2 times (x 101B)
Class com.google.common.collect.Sets$SetView                                          : loaded 2 times (x 141B)
Class com.google.common.cache.LocalCache$StrongValueReference                         : loaded 2 times (x 92B)
Class kotlin.jvm.internal.Ref$ObjectRef                                               : loaded 2 times (x 74B)
Class kotlin.reflect.jvm.internal.JvmFunctionSignature$KotlinFunction                 : loaded 2 times (x 75B)
Class kotlin.reflect.jvm.internal.impl.metadata.jvm.deserialization.ClassMapperLite   : loaded 2 times (x 73B)
Class kotlin.reflect.jvm.internal.impl.descriptors.impl.AbstractLazyTypeParameterDescriptor: loaded 2 times (x 125B)
Class [Lkotlin.reflect.jvm.internal.impl.metadata.ProtoBuf$Visibility;                : loaded 2 times (x 71B)
Class kotlin.reflect.jvm.internal.impl.metadata.jvm.deserialization.UtfEncodingKt     : loaded 2 times (x 73B)
Class kotlin.reflect.jvm.internal.impl.descriptors.runtime.components.ReflectKotlinClass$Factory: loaded 2 times (x 73B)
Class kotlin.reflect.jvm.internal.impl.serialization.deserialization.DeserializationConfiguration: loaded 2 times (x 72B)
Class kotlin.reflect.jvm.internal.impl.load.kotlin.header.KotlinClassHeader$Kind$Companion: loaded 2 times (x 73B)
Class kotlin.jvm.internal.ReflectionFactory                                           : loaded 2 times (x 93B)
Class kotlin.UNINITIALIZED_VALUE                                                      : loaded 2 times (x 73B)
Class org.objectweb.asm.Type                                                          : loaded 2 times (x 74B)
Class org.gradle.internal.classloader.VisitableURLClassLoader$InstrumentingVisitableURLClassLoader: loaded 2 times (x 126B)
Class kotlin.reflect.jvm.internal.impl.metadata.jvm.deserialization.JvmFlags          : loaded 2 times (x 73B)
Class [Lorg.jetbrains.kotlin.cli.common.arguments.Disables;                           : loaded 2 times (x 71B)
Class kotlin.sequences.SequencesKt__SequencesKt$sequenceOf$1$1                        : loaded 2 times (x 81B)
Class kotlin.reflect.jvm.internal.impl.load.java.lazy.LazyJavaTypeParameterResolver   : loaded 2 times (x 77B)
Class kotlin.reflect.jvm.internal.impl.load.java.structure.JavaModifierListOwner      : loaded 2 times (x 72B)
Class kotlin.sequences.SequencesKt__SequencesKt                                       : loaded 2 times (x 73B)
Class kotlin.reflect.jvm.internal.impl.serialization.deserialization.NameResolverUtilKt: loaded 2 times (x 73B)
Class kotlin.reflect.jvm.internal.impl.metadata.ProtoBuf$EnumEntryOrBuilder           : loaded 2 times (x 72B)
Class kotlin.reflect.jvm.internal.impl.metadata.ProtoBuf$VersionRequirementTable      : loaded 2 times (x 98B)
Class [Lkotlin.reflect.jvm.internal.impl.renderer.PropertyAccessorRenderingPolicy;    : loaded 2 times (x 71B)
Class [Lkotlin.reflect.jvm.internal.impl.renderer.ParameterNameRenderingPolicy;       : loaded 2 times (x 71B)
Class kotlin.reflect.jvm.internal.impl.load.java.lazy.LazyJavaResolverContext         : loaded 2 times (x 74B)
Class kotlin.ranges.RangesKt__RangesKt                                                : loaded 2 times (x 73B)
Class [Lkotlin.reflect.jvm.internal.impl.resolve.jvm.JvmPrimitiveType;                : loaded 2 times (x 71B)
Class kotlin.collections.SetsKt___SetsKt                                              : loaded 2 times (x 73B)
Class kotlin.jvm.internal.ClassBasedDeclarationContainer                              : loaded 2 times (x 72B)
Class com.google.common.math.IntMath$1                                                : loaded 2 times (x 73B)
Class org.objectweb.asm.ByteVector                                                    : loaded 2 times (x 81B)
Class [Lcom.google.common.cache.CacheBuilder$NullListener;                            : loaded 2 times (x 71B)
Class org.gradle.internal.classloader.VisitableURLClassLoader$Spec                    : loaded 2 times (x 76B)
Class org.gradle.internal.classpath.DefaultClassPath                                  : loaded 2 times (x 92B)
Class kotlin.reflect.jvm.internal.impl.types.checker.NewTypeVariableConstructor       : loaded 2 times (x 72B)
Class kotlin.text.CharsKt__CharJVMKt                                                  : loaded 2 times (x 73B)
Class kotlin.sequences.FilteringSequence                                              : loaded 2 times (x 77B)
Class kotlin.reflect.jvm.internal.impl.types.TypeProjectionImpl                       : loaded 2 times (x 84B)
Class kotlin.reflect.jvm.internal.impl.descriptors.runtime.structure.ReflectJavaModifierListOwner: loaded 2 times (x 72B)
Class kotlin.reflect.jvm.internal.impl.protobuf.LazyStringList                        : loaded 2 times (x 72B)
Class kotlin.reflect.jvm.internal.impl.protobuf.RopeByteString$RopeInputStream        : loaded 2 times (x 94B)
Class kotlin.reflect.jvm.internal.impl.load.kotlin.KotlinJvmBinaryClass$AnnotationArgumentVisitor: loaded 2 times (x 72B)
Class kotlin.reflect.jvm.internal.impl.renderer.AnnotationArgumentsRenderingPolicy    : loaded 2 times (x 81B)
Class kotlin.reflect.jvm.internal.impl.load.kotlin.PackagePartProvider$Empty          : loaded 2 times (x 76B)
Class kotlin.reflect.jvm.internal.impl.descriptors.annotations.Annotations$Companion$EMPTY$1: loaded 2 times (x 86B)
Class kotlin.reflect.jvm.internal.impl.descriptors.runtime.components.RuntimeModuleData: loaded 2 times (x 74B)
Class kotlin.reflect.jvm.internal.JvmPropertySignature                                : loaded 2 times (x 74B)
Class org.objectweb.asm.Symbol                                                        : loaded 2 times (x 75B)
Class org.jetbrains.kotlin.config.ApiVersion$Companion                                : loaded 2 times (x 73B)
Class kotlin.annotation.Repeatable                                                    : loaded 2 times (x 72B)
Class [Lkotlin.reflect.jvm.internal.impl.resolve.ExternalOverridabilityCondition$Contract;: loaded 2 times (x 71B)
Class kotlin.reflect.jvm.internal.impl.load.java.JavaClassFinder$Request              : loaded 2 times (x 74B)
Class kotlin.reflect.jvm.internal.impl.protobuf.LazyStringArrayList                   : loaded 2 times (x 263B)
Class kotlin.reflect.jvm.internal.impl.metadata.ProtoBuf$Class$Kind$1                 : loaded 2 times (x 76B)
Class kotlin.reflect.jvm.internal.impl.builtins.jvm.JvmBuiltInsCustomizer$createMockJavaIoSerializableType$mockJavaIoPackageFragment$1: loaded 2 times (x 107B)
Class kotlin.reflect.jvm.internal.impl.storage.LockBasedStorageManager$CacheWithNotNullValuesBasedOnMemoizedFunction: loaded 2 times (x 88B)
Class kotlin.reflect.jvm.internal.impl.incremental.components.LookupLocation          : loaded 2 times (x 72B)
Class kotlin.reflect.KType                                                            : loaded 2 times (x 72B)
Class com.google.common.io.Closer                                                     : loaded 2 times (x 80B)
Class com.google.common.base.CharMatcher$BitSetMatcher                                : loaded 2 times (x 114B)
Class com.google.common.collect.RegularImmutableMap$Values                            : loaded 2 times (x 209B)
Class com.google.common.collect.ImmutableSet                                          : loaded 2 times (x 147B)
Class org.gradle.internal.classloader.ClassLoaderSpec                                 : loaded 2 times (x 73B)
Class kotlin.jvm.internal.FunctionReferenceImpl                                       : loaded 2 times (x 128B)
Class [Lkotlin.reflect.jvm.internal.impl.load.java.AnnotationQualifierApplicabilityType;: loaded 2 times (x 71B)
Class kotlin.reflect.jvm.internal.impl.descriptors.runtime.structure.Java16SealedRecordLoader$Cache: loaded 2 times (x 74B)
Class kotlin.reflect.jvm.internal.impl.serialization.deserialization.DeserializedPackageFragmentImpl: loaded 2 times (x 111B)
Class kotlin.reflect.jvm.internal.impl.metadata.ProtoBuf$EnumEntry$1                  : loaded 2 times (x 89B)
Class kotlin.reflect.jvm.internal.impl.load.java.FieldOverridabilityCondition         : loaded 2 times (x 77B)
Class kotlin.reflect.jvm.internal.impl.types.checker.NewKotlinTypeChecker             : loaded 2 times (x 72B)
Class kotlin.reflect.jvm.internal.impl.load.java.NullabilityAnnotationStates          : loaded 2 times (x 72B)
Class kotlin.reflect.jvm.internal.impl.descriptors.impl.PackageViewDescriptorFactory  : loaded 2 times (x 72B)
Class kotlin.collections.CollectionsKt___CollectionsJvmKt                             : loaded 2 times (x 73B)
Class kotlin.reflect.jvm.internal.ReflectProperties$Val$1                             : loaded 2 times (x 73B)
Class org.objectweb.asm.AnnotationWriter                                              : loaded 2 times (x 80B)
Class com.google.common.cache.CacheStats                                              : loaded 2 times (x 73B)
Class kotlin.jvm.internal.markers.KMutableIterable                                    : loaded 2 times (x 72B)
Class kotlin.reflect.jvm.internal.impl.load.java.BuiltinSpecialProperties             : loaded 2 times (x 73B)
Class kotlin.sequences.SequencesKt___SequencesJvmKt                                   : loaded 2 times (x 73B)
Class kotlin.reflect.jvm.internal.impl.metadata.deserialization.VersionRequirementTable: loaded 2 times (x 74B)
Class kotlin.reflect.jvm.internal.impl.utils.WrappedValues$ThrowableWrapper           : loaded 2 times (x 74B)
Class [Lkotlin.reflect.jvm.internal.impl.renderer.OverrideRenderingPolicy;            : loaded 2 times (x 71B)
Class kotlin.Unit                                                                     : loaded 2 times (x 73B)
Class kotlin.TuplesKt                                                                 : loaded 2 times (x 73B)
Class com.google.common.io.Closer$Suppressor                                          : loaded 2 times (x 72B)
Class org.objectweb.asm.RecordComponentWriter                                         : loaded 2 times (x 79B)
Class com.google.common.util.concurrent.AbstractFuture$Listener                       : loaded 2 times (x 74B)
Class com.google.common.base.CharMatcher$Or                                           : loaded 2 times (x 114B)
Class Settings_gradle$1$1                                                             : loaded 2 times (x 76B)
Class org.gradle.api.internal.classpath.Module$ModuleAlias                            : loaded 2 times (x 72B)
Class org.jetbrains.kotlin.build.report.metrics.GRADLE_TASK_ACTION                    : loaded 2 times (x 74B)
Class kotlin.io.FileTreeWalk$DirectoryState                                           : loaded 2 times (x 75B)
Class kotlin.reflect.jvm.internal.impl.descriptors.impl.ValueParameterDescriptorImpl$WithDestructuringDeclaration: loaded 2 times (x 167B)
Class kotlin.reflect.jvm.internal.impl.protobuf.Parser                                : loaded 2 times (x 72B)
Class kotlin.reflect.jvm.internal.impl.protobuf.MessageLite                           : loaded 2 times (x 72B)
Class kotlin.reflect.jvm.internal.impl.types.KotlinTypeFactory                        : loaded 2 times (x 73B)
Class kotlin.reflect.jvm.internal.impl.descriptors.PackageFragmentProviderOptimized   : loaded 2 times (x 72B)
Class kotlin.reflect.jvm.internal.impl.resolve.jvm.CompositeSyntheticJavaPartsProvider: loaded 2 times (x 81B)
Class kotlin.reflect.jvm.internal.impl.load.java.components.JavaResolverCache         : loaded 2 times (x 72B)
Class kotlin.ranges.RangesKt                                                          : loaded 2 times (x 73B)
Class org.objectweb.asm.Attribute                                                     : loaded 2 times (x 79B)
Class com.google.common.base.Supplier                                                 : loaded 2 times (x 72B)
Class org.gradle.internal.classloader.VisitableURLClassLoader                         : loaded 2 times (x 118B)
Class [Lkotlin.DeprecationLevel;                                                      : loaded 2 times (x 71B)
Class kotlin.sequences.FlatteningSequence$iterator$1                                  : loaded 2 times (x 81B)
Class [Lkotlin.reflect.jvm.internal.impl.serialization.deserialization.AnnotatedCallableKind;: loaded 2 times (x 71B)
Class kotlin.sequences.GeneratorSequence                                              : loaded 2 times (x 77B)
Class kotlin.reflect.jvm.internal.impl.resolve.scopes.ResolutionScope$DefaultImpls    : loaded 2 times (x 73B)
Class kotlin.reflect.jvm.internal.impl.metadata.ProtoBuf$Type$ArgumentOrBuilder       : loaded 2 times (x 72B)
Class kotlin.reflect.jvm.internal.impl.builtins.functions.BuiltInFictitiousFunctionClassFactory: loaded 2 times (x 79B)
Class kotlin.reflect.jvm.internal.impl.metadata.ProtoBuf$AnnotationOrBuilder          : loaded 2 times (x 72B)
Class kotlin.reflect.jvm.internal.impl.protobuf.GeneratedMessageLite$GeneratedExtension: loaded 2 times (x 80B)
Class kotlin.reflect.jvm.internal.impl.load.kotlin.DeserializationComponentsForJava   : loaded 2 times (x 74B)
Class kotlin.collections.ArraysUtilJVM                                                : loaded 2 times (x 73B)
Class kotlin.reflect.jvm.internal.KClassImpl                                          : loaded 2 times (x 117B)
Class kotlin.jvm.functions.Function0                                                  : loaded 2 times (x 72B)
Class Settings_gradle                                                                 : loaded 2 times (x 126B)
Class org.gradle.internal.Cast                                                        : loaded 2 times (x 73B)
Class org.gradle.api.Action                                                           : loaded 2 times (x 72B)
Class kotlin.collections.AbstractMutableList                                          : loaded 2 times (x 208B)
Class kotlin.reflect.jvm.internal.impl.load.java.lazy.descriptors.LazyJavaStaticClassScope: loaded 2 times (x 106B)
Class kotlin.reflect.jvm.internal.impl.protobuf.Utf8                                  : loaded 2 times (x 73B)
Class kotlin.reflect.jvm.internal.impl.metadata.builtins.BuiltInsBinaryVersion        : loaded 2 times (x 74B)
Class kotlin.reflect.jvm.internal.impl.load.java.lazy.descriptors.LazyJavaPackageScope$KotlinClassLookupResult$Found: loaded 2 times (x 74B)
Class kotlin.reflect.jvm.internal.impl.metadata.ProtoBuf$MemberKind                   : loaded 2 times (x 84B)
Class [Lkotlin.reflect.jvm.internal.impl.serialization.deserialization.descriptors.DeserializedContainerAbiStability;: loaded 2 times (x 71B)
Class kotlin.reflect.jvm.internal.impl.load.java.JvmAnnotationNames                   : loaded 2 times (x 73B)
Class kotlin.reflect.jvm.internal.impl.protobuf.SmallSortedMap$1                      : loaded 2 times (x 130B)
Class kotlin.reflect.jvm.internal.impl.resolve.descriptorUtil.DescriptorUtilsKt       : loaded 2 times (x 73B)
Class kotlin.reflect.jvm.internal.impl.renderer.ClassifierNamePolicy$FULLY_QUALIFIED  : loaded 2 times (x 76B)
Class kotlin.properties.ReadWriteProperty                                             : loaded 2 times (x 72B)
Class kotlin.jvm.functions.Function1                                                  : loaded 2 times (x 72B)
Class com.google.common.base.Strings                                                  : loaded 2 times (x 73B)
Class com.google.common.collect.Sets                                                  : loaded 2 times (x 73B)
Class org.objectweb.asm.Handler                                                       : loaded 2 times (x 74B)
Class com.google.common.base.Ticker                                                   : loaded 2 times (x 74B)
Class com.google.common.base.CharMatcher$FastMatcher                                  : loaded 2 times (x 113B)
Class org.jetbrains.kotlin.incremental.IncrementalCompilationFeatures                 : loaded 2 times (x 73B)
Class kotlin.reflect.jvm.internal.impl.load.java.JavaDescriptorVisibilities           : loaded 2 times (x 73B)
Class kotlin.jvm.internal.markers.KMutableIterator                                    : loaded 2 times (x 72B)
Class kotlin.reflect.jvm.internal.impl.types.KotlinTypeKt                             : loaded 2 times (x 73B)
Class kotlin.reflect.jvm.internal.impl.load.java.lazy.descriptors.LazyJavaPackageScope$KotlinClassLookupResult$SyntheticClass: loaded 2 times (x 73B)
Class kotlin.reflect.jvm.internal.impl.descriptors.VariableDescriptorWithAccessors    : loaded 2 times (x 72B)
Class kotlin.reflect.jvm.internal.impl.resolve.constants.ULongValue                   : loaded 2 times (x 76B)
Class kotlin.reflect.jvm.internal.impl.resolve.constants.UByteValue                   : loaded 2 times (x 76B)
Class kotlin.reflect.jvm.internal.impl.load.kotlin.BinaryClassAnnotationAndConstantLoaderImpl: loaded 2 times (x 101B)
Class kotlin.jvm.functions.Function2                                                  : loaded 2 times (x 72B)
Class [Lcom.google.common.cache.LocalCache$Segment;                                   : loaded 2 times (x 71B)
Class [Lcom.google.common.cache.LocalCache$Strength;                                  : loaded 2 times (x 71B)
Class com.google.common.cache.CacheBuilder$1                                          : loaded 2 times (x 87B)
Class com.google.common.base.Predicate                                                : loaded 2 times (x 72B)
Class com.google.common.collect.ImmutableMap                                          : loaded 2 times (x 122B)
Class org.gradle.internal.classpath.DefaultClassPath$ImmutableUniqueList$Builder      : loaded 2 times (x 77B)
Class kotlin.io.FileTreeWalk$WalkState                                                : loaded 2 times (x 75B)
Class kotlin.reflect.jvm.internal.impl.metadata.jvm.JvmProtoBuf$JvmPropertySignatureOrBuilder: loaded 2 times (x 72B)
Class kotlin.reflect.jvm.internal.impl.descriptors.ValueDescriptor                    : loaded 2 times (x 72B)
Class kotlin.reflect.jvm.internal.impl.renderer.DescriptorRendererOptionsImpl$property$$inlined$vetoable$1: loaded 2 times (x 85B)
Class kotlin.jvm.functions.Function3                                                  : loaded 2 times (x 72B)
Class kotlin.collections.MapsKt___MapsJvmKt                                           : loaded 2 times (x 73B)
Class kotlin.reflect.jvm.internal.KDeclarationContainerImpl$Data                      : loaded 2 times (x 74B)
Class com.google.common.cache.LocalCache                                              : loaded 2 times (x 188B)
Class com.google.common.cache.CacheBuilder$2                                          : loaded 2 times (x 81B)
Class com.google.common.base.CharMatcher$NegatedFastMatcher                           : loaded 2 times (x 115B)
Class kotlin.reflect.jvm.internal.impl.descriptors.runtime.structure.ReflectJavaClassifierType: loaded 2 times (x 94B)
Class kotlin.annotation.Target                                                        : loaded 2 times (x 72B)
Class org.jetbrains.kotlin.cli.common.arguments.K2JVMCompilerArguments                : loaded 2 times (x 77B)
Class kotlin.reflect.jvm.internal.impl.serialization.deserialization.descriptors.DeserializedClassDescriptor: loaded 2 times (x 178B)
Class kotlin.reflect.jvm.internal.impl.load.kotlin.KotlinJvmBinaryClass$AnnotationArrayArgumentVisitor: loaded 2 times (x 72B)
Class kotlin.reflect.jvm.internal.impl.load.java.structure.JavaAnnotationOwner        : loaded 2 times (x 72B)
Class [Lkotlin.reflect.jvm.internal.impl.protobuf.WireFormat$JavaType;                : loaded 2 times (x 71B)
Class kotlin.reflect.jvm.internal.impl.types.model.TypeArgumentMarker                 : loaded 2 times (x 72B)
Class kotlin.reflect.jvm.internal.impl.renderer.RenderingFormat$HTML                  : loaded 2 times (x 82B)
Class kotlin.reflect.jvm.internal.impl.descriptors.DeclarationDescriptorWithVisibility: loaded 2 times (x 72B)
Class kotlin.collections.EmptySet                                                     : loaded 2 times (x 124B)
Class kotlin.reflect.jvm.internal.impl.storage.EmptySimpleLock                        : loaded 2 times (x 77B)
Class kotlin.reflect.jvm.internal.impl.builtins.PrimitiveType$Companion               : loaded 2 times (x 73B)
Class kotlin.jvm.functions.Function4                                                  : loaded 2 times (x 72B)
Class kotlin.collections.CollectionsKt___CollectionsKt                                : loaded 2 times (x 73B)
Class kotlin.reflect.jvm.internal.KClassImpl$Data                                     : loaded 2 times (x 74B)
Class com.google.common.collect.ArrayListMultimap                                     : loaded 2 times (x 173B)
Class com.google.common.cache.CacheBuilder$3                                          : loaded 2 times (x 74B)
Class [Lcom.google.common.collect.AbstractMapEntry;                                   : loaded 2 times (x 71B)
Class com.google.common.collect.ImmutableEntry                                        : loaded 2 times (x 84B)
Class org.gradle.api.GradleException                                                  : loaded 2 times (x 84B)
Class kotlin.annotation.Retention                                                     : loaded 2 times (x 72B)
Class kotlin.reflect.jvm.internal.impl.types.TypeConstructorSubstitution$Companion    : loaded 2 times (x 73B)
Class kotlin.reflect.jvm.internal.impl.load.java.structure.JavaNamedElement           : loaded 2 times (x 72B)
Class kotlin.reflect.jvm.internal.impl.metadata.ProtoBuf$Annotation$Builder           : loaded 2 times (x 93B)
Class kotlin.reflect.jvm.internal.impl.metadata.ProtoBuf$PackageFragmentOrBuilder     : loaded 2 times (x 72B)
Class kotlin.reflect.jvm.internal.impl.descriptors.ScopesHolderForClass$Companion     : loaded 2 times (x 73B)
Class [Lkotlin.reflect.jvm.internal.impl.metadata.ProtoBuf$TypeParameter$Variance;    : loaded 2 times (x 71B)
Class kotlin.reflect.jvm.internal.impl.types.checker.KotlinTypeRefiner                : loaded 2 times (x 81B)
Class kotlin.reflect.jvm.internal.impl.descriptors.DeclarationDescriptorWithSource    : loaded 2 times (x 72B)
Class kotlin.text.StringsKt___StringsJvmKt                                            : loaded 2 times (x 73B)
Class kotlin.jvm.functions.Function5                                                  : loaded 2 times (x 72B)
Class kotlin.reflect.KDeclarationContainer                                            : loaded 2 times (x 72B)
Class com.google.common.base.Suppliers$MemoizingSupplier                              : loaded 2 times (x 81B)
Class com.google.common.collect.CollectPreconditions                                  : loaded 2 times (x 73B)
Class kotlin.io.FilesKt                                                               : loaded 2 times (x 73B)
Class kotlin.reflect.jvm.internal.impl.descriptors.impl.PropertyDescriptorImpl$CopyConfiguration: loaded 2 times (x 84B)
Class [Lkotlin.reflect.jvm.internal.impl.load.java.typeEnhancement.NullabilityQualifier;: loaded 2 times (x 71B)
Class kotlin.reflect.jvm.internal.impl.descriptors.runtime.structure.ReflectJavaAnnotationOwnerKt: loaded 2 times (x 73B)
Class kotlin.reflect.jvm.internal.impl.types.TypeSubstitutor$SubstitutionException    : loaded 2 times (x 84B)
Class kotlin.reflect.jvm.internal.impl.load.java.lazy.descriptors.LazyJavaClassDescriptor: loaded 2 times (x 179B)
Class kotlin.reflect.jvm.internal.impl.metadata.ProtoBuf$StringTableOrBuilder         : loaded 2 times (x 72B)
Class kotlin.reflect.jvm.internal.impl.serialization.deserialization.DeserializationContext: loaded 2 times (x 74B)
Class kotlin.reflect.jvm.internal.impl.metadata.ProtoBuf$Type$Argument                : loaded 2 times (x 98B)
Class kotlin.reflect.jvm.internal.impl.load.java.lazy.LazyJavaAnnotationsKt           : loaded 2 times (x 73B)
Class kotlin.reflect.jvm.internal.impl.resolve.ResolutionAnchorProviderKt             : loaded 2 times (x 73B)
Class kotlin.reflect.jvm.internal.impl.protobuf.ByteString$Output                     : loaded 2 times (x 88B)
Class kotlin.reflect.jvm.internal.impl.descriptors.Visibilities$Private               : loaded 2 times (x 77B)
Class kotlin.reflect.jvm.internal.impl.renderer.ClassifierNamePolicy                  : loaded 2 times (x 72B)
Class kotlin.reflect.jvm.internal.impl.load.java.JavaNullabilityAnnotationsStatus$Companion: loaded 2 times (x 73B)
Class kotlin.reflect.jvm.internal.impl.types.model.TypeArgumentListMarker             : loaded 2 times (x 72B)
Class kotlin.reflect.jvm.internal.impl.storage.NullableLazyValue                      : loaded 2 times (x 72B)
Class kotlin.jvm.functions.Function6                                                  : loaded 2 times (x 72B)
Class kotlin.collections.MapsKt___MapsKt                                              : loaded 2 times (x 73B)
Class kotlin.collections.ArraysKt___ArraysKt                                          : loaded 2 times (x 73B)
Class kotlin.reflect.jvm.internal.KTypeParameterOwnerImpl                             : loaded 2 times (x 72B)
Class com.google.common.collect.SortedMapDifference                                   : loaded 2 times (x 72B)
Class org.jetbrains.kotlin.tooling.core.KotlinToolingVersion$Maturity                 : loaded 2 times (x 81B)
Class kotlin.reflect.jvm.internal.impl.load.java.lazy.descriptors.ClassDeclaredMemberIndex: loaded 2 times (x 88B)
Class org.jetbrains.kotlin.cli.common.arguments.CommonCompilerArguments               : loaded 2 times (x 76B)
Class kotlin.reflect.jvm.internal.FunctionWithAllInvokes                              : loaded 2 times (x 72B)
Class kotlin.reflect.jvm.internal.impl.resolve.jvm.JavaDescriptorResolver             : loaded 2 times (x 74B)
Class kotlin.reflect.jvm.internal.impl.metadata.ProtoBuf$TypeTableOrBuilder           : loaded 2 times (x 72B)
Class kotlin.reflect.jvm.internal.impl.descriptors.DescriptorVisibilities$10          : loaded 2 times (x 76B)
Class kotlin.jvm.functions.Function7                                                  : loaded 2 times (x 72B)
Class kotlin.collections.MapsKt__MapWithDefaultKt                                     : loaded 2 times (x 73B)
Class kotlin.reflect.jvm.internal.impl.name.Name                                      : loaded 2 times (x 77B)
Class com.google.common.cache.LocalCache$EntryFactory                                 : loaded 2 times (x 85B)
Class [Lkotlin.reflect.jvm.internal.impl.load.java.SpecialGenericSignatures$TypeSafeBarrierDescription;: loaded 2 times (x 71B)
Class org.jetbrains.kotlin.cli.common.arguments.CommonCompilerArgumentsConfigurator   : loaded 2 times (x 76B)
Class kotlin.collections.builders.MapBuilder$Companion                                : loaded 2 times (x 73B)
Class kotlin.reflect.jvm.internal.impl.types.TypeSubstitution$replaceWithNonApproximating$1: loaded 2 times (x 80B)
Class kotlin.reflect.jvm.internal.impl.descriptors.DescriptorVisibilities$11          : loaded 2 times (x 76B)
Class kotlin.reflect.jvm.internal.impl.storage.LockBasedStorageManager$CacheWithNullableValuesBasedOnMemoizedFunction$1: loaded 2 times (x 78B)
Class kotlin.reflect.jvm.internal.impl.load.java.AnnotationTypeQualifierResolver      : loaded 2 times (x 74B)
Class kotlin.reflect.jvm.internal.impl.descriptors.DeclarationDescriptor              : loaded 2 times (x 72B)
Class kotlin.reflect.jvm.internal.impl.storage.LockBasedStorageManager                : loaded 2 times (x 97B)
Class kotlin.text.StringsKt___StringsKt                                               : loaded 2 times (x 73B)
Class kotlin.jvm.functions.Function8                                                  : loaded 2 times (x 72B)
Class kotlin.collections.CollectionsKt__MutableCollectionsJVMKt                       : loaded 2 times (x 73B)
Class kotlin.reflect.jvm.internal.impl.name.FqNameUnsafe                              : loaded 2 times (x 74B)
Class kotlin.enums.EnumEntriesKt                                                      : loaded 2 times (x 73B)
Class com.google.common.cache.LocalCache$AbstractReferenceEntry                       : loaded 2 times (x 109B)
Class org.gradle.internal.IoActions                                                   : loaded 2 times (x 73B)
Class kotlin.annotation.MustBeDocumented                                              : loaded 2 times (x 72B)
Class kotlin.reflect.jvm.internal.impl.descriptors.java.JavaVisibilities$PackageVisibility: loaded 2 times (x 77B)
Class kotlin.reflect.jvm.internal.impl.metadata.builtins.BuiltInsBinaryVersion$Companion: loaded 2 times (x 73B)
Class kotlin.reflect.jvm.internal.impl.load.java.lazy.descriptors.LazyJavaPackageScope$FindClassRequest: loaded 2 times (x 74B)
Class kotlin.reflect.jvm.internal.impl.resolve.scopes.LazyScopeAdapter                : loaded 2 times (x 96B)
Class kotlin.reflect.jvm.internal.impl.descriptors.DescriptorVisibilities$12          : loaded 2 times (x 76B)
Class kotlin.reflect.jvm.internal.impl.renderer.DescriptorRendererModifier$Companion  : loaded 2 times (x 73B)
Class kotlin.reflect.jvm.internal.impl.descriptors.SourceElement$1                    : loaded 2 times (x 76B)
Class kotlin.reflect.jvm.internal.impl.load.kotlin.DeserializationComponentsForJavaKt$makeLazyJavaPackageFragmentProvider$javaResolverComponents$1: loaded 2 times (x 76B)
Class kotlin.reflect.jvm.internal.impl.descriptors.annotations.Annotations$Companion  : loaded 2 times (x 73B)
Class kotlin.jvm.functions.Function10                                                 : loaded 2 times (x 72B)
Class kotlin.jvm.functions.Function9                                                  : loaded 2 times (x 72B)
Class [Lkotlin.reflect.KClassifier;                                                   : loaded 2 times (x 71B)
Class kotlin.reflect.jvm.internal.EmptyContainerForLocal                              : loaded 2 times (x 86B)
Class [Lkotlin.LazyThreadSafetyMode;                                                  : loaded 2 times (x 71B)
Class org.objectweb.asm.SymbolTable                                                   : loaded 2 times (x 74B)
Class com.google.common.collect.ImmutableSet$RegularSetBuilderImpl                    : loaded 2 times (x 78B)
Class com.google.common.cache.CacheLoader$InvalidCacheLoadException                   : loaded 2 times (x 84B)
Class org.jetbrains.kotlin.cli.common.ExitCode                                        : loaded 2 times (x 81B)
Class org.jetbrains.kotlin.compilerRunner.ArgumentsToStrings                          : loaded 2 times (x 73B)
Class kotlin.text.MatcherMatchResult$groups$1                                         : loaded 2 times (x 153B)
Class kotlin.jvm.internal.markers.KMutableCollection                                  : loaded 2 times (x 72B)
Class kotlin.reflect.jvm.internal.impl.types.DisjointKeysUnionTypeSubstitution$Companion: loaded 2 times (x 73B)
Class kotlin.reflect.jvm.internal.impl.load.java.lazy.descriptors.LazyJavaClassDescriptor$Companion: loaded 2 times (x 73B)
Class kotlin.ranges.IntRange$Companion                                                : loaded 2 times (x 73B)
Class kotlin.reflect.jvm.internal.impl.descriptors.impl.ClassConstructorDescriptorImpl: loaded 2 times (x 217B)
Class kotlin.reflect.jvm.internal.impl.resolve.scopes.MemberScopeImpl                 : loaded 2 times (x 94B)
Class kotlin.reflect.jvm.internal.impl.resolve.constants.UShortValue                  : loaded 2 times (x 76B)
Class kotlin.reflect.jvm.internal.impl.types.checker.KotlinTypeRefiner$Default        : loaded 2 times (x 81B)
Class kotlin.collections.EmptyMap                                                     : loaded 2 times (x 110B)
Class kotlin.jvm.functions.Function11                                                 : loaded 2 times (x 72B)
Class kotlin.reflect.KAnnotatedElement                                                : loaded 2 times (x 72B)
Class kotlin.jvm.internal.Intrinsics                                                  : loaded 2 times (x 73B)
Class com.google.common.cache.LocalCache$StrongEntry                                  : loaded 2 times (x 110B)
Class com.google.common.util.concurrent.AbstractFuture$TrustedFuture                  : loaded 2 times (x 116B)
Class com.google.common.cache.LoadingCache                                            : loaded 2 times (x 72B)
Class kotlin.io.FileTreeWalk$FileTreeWalkIterator$TopDownDirectoryState               : loaded 2 times (x 75B)
Class kotlin.reflect.jvm.internal.impl.types.DefinitelyNotNullType                    : loaded 2 times (x 100B)
Class kotlin.reflect.jvm.internal.impl.types.DescriptorSubstitutor                    : loaded 2 times (x 73B)
Class kotlin.reflect.jvm.internal.impl.load.java.structure.JavaClassifier             : loaded 2 times (x 72B)
Class kotlin.reflect.jvm.internal.impl.load.java.lazy.ContextKt                       : loaded 2 times (x 73B)
Class kotlin.reflect.jvm.internal.impl.metadata.ProtoBuf$Annotation$Argument$Value$1  : loaded 2 times (x 89B)
Class kotlin.reflect.jvm.internal.impl.renderer.DescriptorRendererImpl$RenderDeclarationDescriptorVisitor: loaded 2 times (x 89B)
Class kotlin.jvm.functions.Function12                                                 : loaded 2 times (x 72B)
Class kotlin.collections.MapsKt                                                       : loaded 2 times (x 73B)
Class kotlin.collections.CollectionsKt__IterablesKt                                   : loaded 2 times (x 73B)
Class kotlin.text.MatcherMatchResult                                                  : loaded 2 times (x 82B)
Class com.google.common.base.Suppliers$NonSerializableMemoizingSupplier               : loaded 2 times (x 81B)
Class org.objectweb.asm.MethodWriter                                                  : loaded 2 times (x 107B)
Class [Lcom.google.common.cache.Weigher;                                              : loaded 2 times (x 71B)
Class com.google.common.collect.RegularImmutableMap$BucketOverflowException           : loaded 2 times (x 84B)
Class org.jetbrains.kotlin.build.report.metrics.COMPILE_ITERATION                     : loaded 2 times (x 74B)
Class kotlin.reflect.jvm.ReflectJvmMapping                                            : loaded 2 times (x 73B)
Class kotlin.text.Charsets                                                            : loaded 2 times (x 73B)
Class org.jetbrains.kotlin.cli.common.CompilerSystemProperties$Companion              : loaded 2 times (x 73B)
Class kotlin.reflect.jvm.internal.impl.load.java.PropertiesConventionUtilKt           : loaded 2 times (x 73B)
Class kotlin.reflect.jvm.internal.impl.load.java.typeEnhancement.NullabilityQualifier : loaded 2 times (x 81B)
Class kotlin.reflect.jvm.internal.impl.types.TypeProjectionBase                       : loaded 2 times (x 83B)
Class kotlin.ranges.OpenEndRange                                                      : loaded 2 times (x 72B)
Class kotlin.reflect.jvm.internal.impl.metadata.ProtoBuf$Modality                     : loaded 2 times (x 84B)
Class kotlin.reflect.jvm.internal.impl.protobuf.WireFormat                            : loaded 2 times (x 73B)
Class [Lkotlin.reflect.jvm.internal.impl.descriptors.ModuleDescriptor;                : loaded 2 times (x 71B)
Class kotlin.reflect.jvm.internal.impl.metadata.ProtoBuf$TypeParameterOrBuilder       : loaded 2 times (x 72B)
Class kotlin.reflect.jvm.internal.impl.protobuf.ExtensionRegistryLite                 : loaded 2 times (x 75B)
Class kotlin.reflect.jvm.internal.impl.storage.LockBasedStorageManager$LockBasedNotNullLazyValueWithPostCompute: loaded 2 times (x 87B)
Class kotlin.reflect.jvm.internal.impl.resolve.scopes.ResolutionScope                 : loaded 2 times (x 72B)
Class kotlin.reflect.jvm.internal.impl.serialization.deserialization.ClassDataFinder  : loaded 2 times (x 72B)
Class kotlin.reflect.jvm.internal.impl.load.java.lazy.TypeParameterResolver           : loaded 2 times (x 72B)
Class kotlin.jvm.functions.Function13                                                 : loaded 2 times (x 72B)
Class kotlin.KotlinNullPointerException                                               : loaded 2 times (x 84B)
Class kotlin.reflect.jvm.internal.impl.types.TypeConstructorSubstitution              : loaded 2 times (x 80B)
Class kotlin.reflect.jvm.internal.impl.descriptors.impl.DeclarationDescriptorVisitorEmptyBodies: loaded 2 times (x 103B)
Class kotlin.reflect.jvm.internal.impl.descriptors.runtime.structure.ReflectJavaElement: loaded 2 times (x 73B)
Class kotlin.ranges.RangesKt___RangesKt                                               : loaded 2 times (x 73B)
Class kotlin.reflect.jvm.internal.impl.storage.SimpleLock                             : loaded 2 times (x 72B)
Class kotlin.jvm.functions.Function14                                                 : loaded 2 times (x 72B)
Class kotlin.reflect.full.KClasses                                                    : loaded 2 times (x 73B)
Class com.google.common.collect.RegularImmutableBiMap                                 : loaded 2 times (x 150B)
Class com.google.common.cache.LocalCache$ValueReference                               : loaded 2 times (x 72B)
Class com.google.common.base.CharMatcher$Negated                                      : loaded 2 times (x 115B)
Class com.google.common.base.CharMatcher$Is                                           : loaded 2 times (x 113B)
Class kotlin.text.CharsKt__CharKt                                                     : loaded 2 times (x 73B)
Class org.jetbrains.kotlin.cli.common.arguments.CommonToolArguments                   : loaded 2 times (x 75B)
Class kotlin.reflect.jvm.internal.JvmFunctionSignature                                : loaded 2 times (x 74B)
Class kotlin.reflect.jvm.internal.impl.metadata.jvm.deserialization.JvmMemberSignature$Method: loaded 2 times (x 77B)
Class kotlin.reflect.jvm.internal.impl.serialization.deserialization.descriptors.DeserializedMemberDescriptor: loaded 2 times (x 72B)
Class [Lkotlin.reflect.jvm.internal.impl.resolve.scopes.ResolutionScope;              : loaded 2 times (x 71B)
Class kotlin.reflect.jvm.internal.impl.protobuf.WireFormat$JavaType                   : loaded 2 times (x 81B)
Class kotlin.reflect.jvm.internal.impl.types.AbstractTypeConstructor                  : loaded 2 times (x 98B)
Class kotlin.reflect.jvm.internal.impl.renderer.ParameterNameRenderingPolicy          : loaded 2 times (x 81B)
Class kotlin.reflect.jvm.internal.impl.descriptors.FunctionDescriptor                 : loaded 2 times (x 72B)
Class kotlin.reflect.jvm.internal.impl.descriptors.impl.PackageViewDescriptorFactory$Default: loaded 2 times (x 76B)
Class kotlin.jvm.functions.Function15                                                 : loaded 2 times (x 72B)
Class kotlin.collections.ArraysKt                                                     : loaded 2 times (x 73B)
Class com.google.common.hash.PrimitiveSink                                            : loaded 2 times (x 72B)
Class com.google.common.base.PatternCompiler                                          : loaded 2 times (x 72B)
Class com.google.common.util.concurrent.AbstractFuture$Failure                        : loaded 2 times (x 74B)
Class com.google.common.base.Equivalence$Equals                                       : loaded 2 times (x 84B)
Class com.google.common.collect.Hashing                                               : loaded 2 times (x 73B)
Class com.google.common.base.Preconditions                                            : loaded 2 times (x 73B)
Class kotlin.reflect.jvm.internal.impl.load.java.BuiltinSpecialPropertiesKt           : loaded 2 times (x 73B)
Class [Lkotlin.reflect.jvm.internal.impl.descriptors.ClassifierDescriptor;            : loaded 2 times (x 71B)
Class kotlin.reflect.jvm.internal.impl.serialization.deserialization.ProtoContainer$Class: loaded 2 times (x 75B)
Class [Lkotlin.reflect.jvm.internal.impl.types.Variance;                              : loaded 2 times (x 71B)
Class kotlin.reflect.jvm.internal.impl.metadata.ProtoBuf$Type$Argument$Projection     : loaded 2 times (x 84B)
Class kotlin.reflect.jvm.internal.impl.metadata.ProtoBuf$Annotation$Argument$Value$Type$1: loaded 2 times (x 76B)
Class kotlin.reflect.jvm.internal.impl.metadata.jvm.JvmProtoBuf$JvmMethodSignature    : loaded 2 times (x 98B)
Class kotlin.reflect.jvm.internal.impl.descriptors.DescriptorVisibilities$1           : loaded 2 times (x 78B)
Class kotlin.reflect.jvm.internal.impl.descriptors.impl.DeclarationDescriptorNonRootImpl: loaded 2 times (x 98B)
Class kotlin.reflect.jvm.internal.impl.utils.WrappedValues$WrappedProcessCanceledException: loaded 2 times (x 84B)
Class kotlin.collections.SetsKt__SetsKt                                               : loaded 2 times (x 73B)
Class kotlin.jvm.functions.Function16                                                 : loaded 2 times (x 72B)
Class kotlin.LazyKt                                                                   : loaded 2 times (x 73B)
Class com.google.common.base.Joiner$1                                                 : loaded 2 times (x 83B)
Class org.objectweb.asm.Label                                                         : loaded 2 times (x 75B)
Class org.objectweb.asm.CurrentFrame                                                  : loaded 2 times (x 75B)
Class org.objectweb.asm.ClassTooLargeException                                        : loaded 2 times (x 84B)
Class com.google.common.collect.PeekingIterator                                       : loaded 2 times (x 72B)
Class com.google.common.base.CharMatcher                                              : loaded 2 times (x 113B)
Class org.jetbrains.kotlin.incremental.ClasspathChanges$ClasspathSnapshotEnabled      : loaded 2 times (x 74B)
Class kotlin.reflect.jvm.internal.impl.load.java.descriptors.JavaClassDescriptor      : loaded 2 times (x 72B)
Class kotlin.reflect.jvm.internal.impl.metadata.ProtoBuf$Type$Argument$Projection$1   : loaded 2 times (x 76B)
Class kotlin.reflect.jvm.internal.impl.load.java.lazy.descriptors.JvmPackageScope     : loaded 2 times (x 87B)
Class kotlin.reflect.jvm.internal.impl.serialization.deserialization.AbstractDeserializedPackageFragmentProvider: loaded 2 times (x 87B)
Class kotlin.reflect.jvm.internal.impl.descriptors.Visibilities$Internal              : loaded 2 times (x 77B)
Class kotlin.reflect.jvm.internal.impl.descriptors.DescriptorVisibilities$2           : loaded 2 times (x 78B)
Class kotlin.InitializedLazyImpl                                                      : loaded 2 times (x 78B)
Class kotlin.reflect.jvm.internal.impl.load.kotlin.DeserializedDescriptorResolver     : loaded 2 times (x 74B)
Class kotlin.reflect.jvm.internal.impl.descriptors.impl.ModuleDescriptorImpl          : loaded 2 times (x 98B)
Class kotlin.reflect.jvm.internal.impl.types.model.KotlinTypeMarker                   : loaded 2 times (x 72B)
Class kotlin.jvm.functions.Function17                                                 : loaded 2 times (x 72B)
Class kotlin.collections.ArraysKt__ArraysJVMKt                                        : loaded 2 times (x 73B)
Class com.google.common.base.Joiner$2                                                 : loaded 2 times (x 82B)
Class org.objectweb.asm.Frame                                                         : loaded 2 times (x 75B)
Class org.objectweb.asm.MethodVisitor                                                 : loaded 2 times (x 107B)
Class com.google.common.cache.LocalCache$EntryFactory$1                               : loaded 2 times (x 85B)
Class [Lcom.google.common.cache.RemovalListener;                                      : loaded 2 times (x 71B)
Class com.google.common.base.CharMatcher$1                                            : loaded 2 times (x 115B)
Class com.google.common.base.CharMatcher$NamedFastMatcher                             : loaded 2 times (x 114B)
Class kotlin.reflect.jvm.internal.impl.descriptors.runtime.structure.ReflectJavaClass$methods$2: loaded 2 times (x 131B)
Class kotlin.reflect.jvm.internal.impl.descriptors.TypeParameterDescriptor            : loaded 2 times (x 72B)
Class kotlin.reflect.jvm.internal.impl.metadata.deserialization.NameResolverImpl$WhenMappings: loaded 2 times (x 73B)
Class kotlin.reflect.jvm.internal.impl.serialization.deserialization.DeserializedPackageFragment: loaded 2 times (x 110B)
Class kotlin.reflect.jvm.internal.impl.load.java.lazy.descriptors.LazyJavaPackageFragment: loaded 2 times (x 107B)
Class kotlin.reflect.jvm.internal.impl.metadata.ProtoBuf$ContractOrBuilder            : loaded 2 times (x 72B)
Class kotlin.reflect.jvm.internal.impl.protobuf.GeneratedMessageLite$ExtendableMessageOrBuilder: loaded 2 times (x 72B)
Class kotlin.reflect.jvm.internal.impl.descriptors.DescriptorVisibilities$3           : loaded 2 times (x 78B)
Class [Lkotlin.reflect.jvm.internal.impl.renderer.RenderingFormat;                    : loaded 2 times (x 71B)
Class kotlin.reflect.jvm.internal.impl.storage.LockBasedStorageManager$1              : loaded 2 times (x 97B)
Class kotlin.text.StringsKt__StringBuilderKt                                          : loaded 2 times (x 73B)
Class kotlin.jvm.functions.Function18                                                 : loaded 2 times (x 72B)
Class kotlin.jvm.internal.CallableReference$NoReceiver                                : loaded 2 times (x 73B)
Class com.google.common.cache.LocalCache$EntryFactory$2                               : loaded 2 times (x 85B)
Class org.jetbrains.kotlin.build.report.metrics.BuildTimeMetric                       : loaded 2 times (x 74B)
Class org.jetbrains.kotlin.incremental.ClasspathSnapshotFiles                         : loaded 2 times (x 74B)
Class kotlin.reflect.jvm.internal.UtilKt                                              : loaded 2 times (x 73B)
Class kotlin.reflect.jvm.internal.impl.load.java.BuiltinMethodsWithSpecialGenericSignature: loaded 2 times (x 73B)
Class kotlin.reflect.jvm.internal.impl.descriptors.impl.AbstractTypeParameterDescriptor$1: loaded 2 times (x 79B)
Class kotlin.reflect.jvm.internal.impl.serialization.deserialization.descriptors.DeserializedSimpleFunctionDescriptor: loaded 2 times (x 213B)
Class kotlin.reflect.jvm.internal.impl.serialization.deserialization.builtins.BuiltInsPackageFragmentImpl$Companion: loaded 2 times (x 73B)
Class kotlin.reflect.jvm.internal.impl.load.kotlin.KotlinClassFinderKt                : loaded 2 times (x 73B)
Class kotlin.reflect.jvm.internal.impl.metadata.deserialization.VersionRequirementTable$Companion: loaded 2 times (x 73B)
Class kotlin.reflect.jvm.internal.impl.protobuf.SmallSortedMap$Entry                  : loaded 2 times (x 90B)
Class kotlin.reflect.jvm.internal.impl.resolve.jvm.JvmClassName                       : loaded 2 times (x 77B)
Class kotlin.reflect.jvm.internal.impl.metadata.ProtoBuf$Package$1                    : loaded 2 times (x 89B)
Class kotlin.reflect.jvm.internal.impl.descriptors.DescriptorVisibilities$4           : loaded 2 times (x 78B)
Class [Lkotlin.reflect.jvm.internal.impl.descriptors.CallableMemberDescriptor$Kind;   : loaded 2 times (x 71B)
Class kotlin.reflect.jvm.internal.impl.types.checker.KotlinTypeRefinerKt              : loaded 2 times (x 73B)
Class kotlin.reflect.jvm.internal.impl.descriptors.ClassDescriptor                    : loaded 2 times (x 72B)
Class kotlin.reflect.KMutableProperty$Setter                                          : loaded 2 times (x 72B)
Class kotlin.reflect.jvm.internal.impl.load.kotlin.PackagePartProvider                : loaded 2 times (x 72B)
Class kotlin.jvm.functions.Function19                                                 : loaded 2 times (x 72B)
Class kotlin.TypeCastException                                                        : loaded 2 times (x 84B)
Class kotlin.Lazy                                                                     : loaded 2 times (x 72B)
Class kotlin.NoWhenBranchMatchedException                                             : loaded 2 times (x 84B)
Class org.objectweb.asm.ModuleWriter                                                  : loaded 2 times (x 83B)
Class com.google.common.cache.LocalCache$EntryFactory$3                               : loaded 2 times (x 85B)
Class com.google.common.base.Ticker$1                                                 : loaded 2 times (x 74B)
Class com.google.common.collect.Maps$BiMapConverter                                   : loaded 2 times (x 92B)
Class com.google.common.collect.ImmutableMapEntrySet$RegularEntrySet                  : loaded 2 times (x 154B)
Class kotlin.reflect.jvm.internal.calls.CallerImpl                                    : loaded 2 times (x 83B)
Class org.jetbrains.kotlin.cli.common.messages.MessageRenderer                        : loaded 2 times (x 72B)
Class [Lkotlin.jvm.functions.Function1;                                               : loaded 2 times (x 71B)
Class org.jetbrains.kotlin.cli.common.arguments.ManualLanguageFeatureSetting          : loaded 2 times (x 74B)
Class kotlin.reflect.jvm.internal.impl.types.FlexibleType                             : loaded 2 times (x 91B)
Class kotlin.reflect.jvm.internal.impl.descriptors.impl.AbstractTypeParameterDescriptor$2: loaded 2 times (x 79B)
Class kotlin.reflect.jvm.internal.impl.serialization.deserialization.descriptors.DeserializedTypeParameterDescriptor: loaded 2 times (x 126B)
Class [Lkotlin.reflect.jvm.internal.impl.metadata.ProtoBuf$QualifiedNameTable$QualifiedName$Kind;: loaded 2 times (x 71B)
Class kotlin.reflect.jvm.internal.impl.serialization.deserialization.descriptors.DeserializedMemberScope: loaded 2 times (x 104B)
Class [Lkotlin.reflect.jvm.internal.impl.metadata.ProtoBuf$Class$Kind;                : loaded 2 times (x 71B)
Class kotlin.reflect.jvm.internal.impl.resolve.scopes.AbstractScopeAdapter            : loaded 2 times (x 95B)
Class kotlin.reflect.jvm.internal.impl.metadata.builtins.BuiltInsProtoBuf             : loaded 2 times (x 73B)
Class kotlin.reflect.jvm.internal.impl.metadata.jvm.JvmProtoBuf$JvmPropertySignature  : loaded 2 times (x 98B)
Class kotlin.reflect.jvm.internal.impl.metadata.ProtoBuf$FunctionOrBuilder            : loaded 2 times (x 72B)
Class kotlin.reflect.jvm.internal.impl.descriptors.DescriptorVisibilities$5           : loaded 2 times (x 78B)
Class kotlin.reflect.jvm.internal.impl.descriptors.Visibilities$PrivateToThis         : loaded 2 times (x 77B)
Class kotlin.reflect.jvm.internal.impl.builtins.ReflectionTypes$ClassLookup           : loaded 2 times (x 73B)
Class kotlin.reflect.jvm.internal.impl.descriptors.SupertypeLoopChecker               : loaded 2 times (x 72B)
Class kotlin.reflect.jvm.internal.impl.resolve.sam.SamConversionResolverImpl          : loaded 2 times (x 74B)
Class com.google.common.collect.ImmutableSet$Builder                                  : loaded 2 times (x 87B)
Class com.google.common.cache.LocalCache$EntryFactory$4                               : loaded 2 times (x 85B)
Class com.google.common.base.CharMatcher$InRange                                      : loaded 2 times (x 113B)
Class kotlin.sequences.ConstrainedOnceSequence                                        : loaded 2 times (x 77B)
Class kotlin.reflect.jvm.internal.impl.protobuf.UnmodifiableLazyStringList            : loaded 2 times (x 260B)
Class kotlin.reflect.jvm.internal.impl.storage.LockBasedStorageManager$4              : loaded 2 times (x 86B)
Class kotlin.reflect.jvm.internal.impl.descriptors.DescriptorVisibilities$6           : loaded 2 times (x 78B)
Class kotlin.reflect.jvm.internal.impl.descriptors.DeclarationDescriptorVisitor       : loaded 2 times (x 72B)
Class kotlin.reflect.jvm.internal.impl.renderer.DescriptorRenderer$ValueParametersHandler$DEFAULT: loaded 2 times (x 79B)
Class kotlin.reflect.jvm.internal.impl.load.java.components.JavaResolverCache$1       : loaded 2 times (x 80B)
Class kotlin.reflect.jvm.internal.impl.storage.CacheWithNotNullValues                 : loaded 2 times (x 72B)
Class com.google.common.cache.LocalCache$EntryFactory$5                               : loaded 2 times (x 85B)
Class kotlin.reflect.jvm.internal.impl.types.TypeSystemCommonBackendContext           : loaded 2 times (x 72B)
Class kotlin.reflect.jvm.internal.impl.load.java.typeEnhancement.MutabilityQualifier  : loaded 2 times (x 81B)
Class kotlin.reflect.jvm.internal.impl.descriptors.runtime.structure.ReflectJavaAnnotationOwner: loaded 2 times (x 72B)
Class kotlin.reflect.jvm.internal.impl.protobuf.UninitializedMessageException         : loaded 2 times (x 85B)
Class kotlin.reflect.jvm.internal.impl.serialization.deserialization.builtins.BuiltInSerializerProtocol: loaded 2 times (x 74B)
Class kotlin.reflect.jvm.internal.impl.metadata.ProtoBuf$TypeOrBuilder                : loaded 2 times (x 72B)
Class kotlin.reflect.jvm.internal.impl.descriptors.Visibilities$InvisibleFake         : loaded 2 times (x 77B)
Class kotlin.reflect.jvm.internal.impl.descriptors.DescriptorVisibilities$7           : loaded 2 times (x 78B)
Class kotlin.reflect.jvm.internal.impl.storage.LockBasedStorageManager$5              : loaded 2 times (x 87B)
Class kotlin.reflect.jvm.internal.impl.builtins.jvm.JavaToKotlinClassMapper           : loaded 2 times (x 73B)
Class kotlin.reflect.jvm.internal.impl.load.java.components.JavaPropertyInitializerEvaluator: loaded 2 times (x 72B)
Class kotlin.reflect.jvm.internal.impl.load.java.JavaNullabilityAnnotationSettingsKt  : loaded 2 times (x 73B)
Class kotlin.reflect.jvm.internal.impl.load.java.lazy.SingleModuleClassResolver       : loaded 2 times (x 77B)
Class kotlin.reflect.jvm.internal.impl.descriptors.impl.PackageViewDescriptorFactory$Companion: loaded 2 times (x 73B)
Class [Lkotlin.reflect.KProperty;                                                     : loaded 2 times (x 71B)
Class kotlin.jvm.internal.markers.KMappedMarker                                       : loaded 2 times (x 72B)
Class com.google.common.collect.Iterators$9                                           : loaded 2 times (x 83B)
Class com.google.common.cache.LocalCache$EntryFactory$6                               : loaded 2 times (x 85B)
Class org.gradle.internal.installation.CurrentGradleInstallationLocator               : loaded 2 times (x 73B)
Class org.jetbrains.kotlin.cli.common.messages.CompilerMessageSeverity$Companion      : loaded 2 times (x 73B)
Class [Lkotlin.io.FileWalkDirection;                                                  : loaded 2 times (x 71B)
Class kotlin.reflect.jvm.internal.impl.load.java.typeEnhancement.JavaTypeEnhancement$Result: loaded 2 times (x 74B)
Class [Lkotlin.reflect.jvm.internal.impl.load.java.structure.LightClassOriginKind;    : loaded 2 times (x 71B)
Class kotlin.reflect.jvm.internal.impl.metadata.ProtoBuf$MemberKind$1                 : loaded 2 times (x 76B)
Class kotlin.reflect.jvm.internal.impl.serialization.deserialization.ClassData        : loaded 2 times (x 74B)
Class kotlin.reflect.jvm.internal.impl.builtins.jvm.JvmBuiltInsPackageFragmentProvider$Companion: loaded 2 times (x 73B)
Class kotlin.reflect.jvm.internal.impl.descriptors.DescriptorVisibilities$8           : loaded 2 times (x 78B)
Class kotlin.reflect.jvm.internal.impl.types.TypeUtils$SpecialType                    : loaded 2 times (x 95B)
Class [Lkotlin.reflect.jvm.internal.impl.descriptors.Modality;                        : loaded 2 times (x 71B)
Class kotlin.reflect.jvm.internal.impl.serialization.deserialization.LocalClassifierTypeSettings$Default: loaded 2 times (x 76B)
Class kotlin.reflect.jvm.internal.impl.descriptors.PropertyAccessorDescriptor         : loaded 2 times (x 72B)
Class kotlin.reflect.jvm.internal.impl.resolve.OverridingUtil                         : loaded 2 times (x 78B)
Class kotlin.reflect.jvm.internal.impl.types.checker.KotlinTypePreparator             : loaded 2 times (x 75B)
Class kotlin.reflect.jvm.internal.impl.load.java.lazy.JavaResolverSettings            : loaded 2 times (x 72B)
Class kotlin.reflect.jvm.internal.impl.descriptors.NotFoundClasses                    : loaded 2 times (x 74B)
Class kotlin.reflect.jvm.internal.impl.types.SimpleType                               : loaded 2 times (x 90B)
Class com.google.common.collect.Maps$KeySet                                           : loaded 2 times (x 139B)
Class com.google.common.collect.ImmutableSet$EmptySetBuilderImpl                      : loaded 2 times (x 78B)
Class com.google.common.cache.LocalCache$EntryFactory$7                               : loaded 2 times (x 85B)
Class com.google.common.collect.ImmutableList                                         : loaded 2 times (x 208B)
Class org.gradle.internal.service.DefaultServiceLocator                               : loaded 2 times (x 85B)
Class kotlin.io.FileTreeWalk                                                          : loaded 2 times (x 77B)
Class org.jetbrains.kotlin.util.capitalizeDecapitalize.CapitalizeDecapitalizeKt       : loaded 2 times (x 73B)
Class kotlin.reflect.jvm.internal.impl.descriptors.runtime.structure.ReflectJavaClass$fields$1: loaded 2 times (x 131B)
Class [Lkotlin.reflect.jvm.internal.impl.types.TypeProjection;                        : loaded 2 times (x 71B)
Class kotlin.reflect.jvm.internal.impl.descriptors.NotFoundClasses$MockClassDescriptor: loaded 2 times (x 177B)
Class kotlin.reflect.jvm.internal.impl.load.java.lazy.descriptors.LazyJavaPackageScope$KotlinClassLookupResult: loaded 2 times (x 73B)
Class kotlin.reflect.jvm.internal.impl.types.Variance                                 : loaded 2 times (x 81B)
Class kotlin.reflect.jvm.internal.impl.metadata.ProtoBuf$Class                        : loaded 2 times (x 103B)
Class kotlin.reflect.jvm.internal.impl.descriptors.DescriptorVisibilities$9           : loaded 2 times (x 78B)
Class kotlin.reflect.jvm.internal.impl.descriptors.ClassKind                          : loaded 2 times (x 81B)
Class kotlin.properties.ObservableProperty                                            : loaded 2 times (x 85B)
Class kotlin.reflect.jvm.internal.impl.serialization.deserialization.ContractDeserializer$Companion: loaded 2 times (x 73B)
Class kotlin.reflect.jvm.internal.impl.resolve.constants.UIntValue                    : loaded 2 times (x 76B)
Class [Lkotlin.reflect.jvm.internal.impl.load.java.lazy.types.JavaTypeFlexibility;    : loaded 2 times (x 71B)
Class kotlin.reflect.jvm.internal.impl.load.java.Jsr305Settings                       : loaded 2 times (x 74B)
Class kotlin.reflect.KMutableProperty0                                                : loaded 2 times (x 72B)
Class kotlin.reflect.KClassifier                                                      : loaded 2 times (x 72B)
Class com.google.common.collect.ImmutableSet$SetBuilderImpl                           : loaded 2 times (x 78B)
Class com.google.common.cache.LocalCache$EntryFactory$8                               : loaded 2 times (x 85B)
Class org.gradle.internal.installation.CurrentGradleInstallation                      : loaded 2 times (x 75B)
Class kotlin.reflect.jvm.internal.calls.CallerKt                                      : loaded 2 times (x 73B)
Class kotlin.reflect.jvm.internal.impl.types.model.TypeSystemOptimizationContext      : loaded 2 times (x 72B)
Class kotlin.reflect.jvm.internal.impl.types.model.DefinitelyNotNullTypeMarker        : loaded 2 times (x 72B)
Class [Lkotlin.reflect.jvm.internal.impl.load.java.typeEnhancement.JavaTypeQualifiers;: loaded 2 times (x 71B)
Class kotlin.reflect.jvm.internal.impl.descriptors.runtime.structure.ReflectJavaClass$fields$2: loaded 2 times (x 131B)
Class kotlin.reflect.jvm.internal.impl.metadata.ProtoBuf$StringTable                  : loaded 2 times (x 98B)
Class kotlin.reflect.jvm.internal.impl.serialization.deserialization.descriptors.DeserializedMemberScope$OptimizedImplementation: loaded 2 times (x 83B)
Class kotlin.reflect.jvm.internal.impl.metadata.jvm.JvmProtoBuf$JvmPropertySignature$1: loaded 2 times (x 89B)
Class kotlin.reflect.jvm.internal.impl.storage.LockBasedStorageManager$LockBasedLazyValueWithPostCompute: loaded 2 times (x 84B)
Class kotlin.reflect.jvm.internal.impl.types.TypeConstructor                          : loaded 2 times (x 72B)
Class kotlin.reflect.jvm.internal.impl.resolve.constants.IntValue                     : loaded 2 times (x 76B)
Class kotlin.reflect.jvm.internal.impl.descriptors.MemberDescriptor                   : loaded 2 times (x 72B)
Class kotlin.reflect.KMutableProperty1                                                : loaded 2 times (x 72B)
Class com.google.common.collect.ImmutableList$SubList                                 : loaded 2 times (x 211B)
Class com.google.common.cache.CacheLoader$1                                           : loaded 2 times (x 77B)
Class org.gradle.util.internal.GUtil                                                  : loaded 2 times (x 73B)
Class kotlin.reflect.jvm.internal.impl.metadata.deserialization.ProtoBufUtilKt        : loaded 2 times (x 73B)
Class kotlin.reflect.jvm.internal.impl.builtins.jvm.CloneableClassScope$Companion     : loaded 2 times (x 73B)
Class kotlin.reflect.jvm.internal.impl.metadata.jvm.JvmProtoBuf$StringTableTypesOrBuilder: loaded 2 times (x 72B)
Class kotlin.reflect.jvm.internal.impl.descriptors.runtime.components.ReflectClassStructure: loaded 2 times (x 73B)
Class kotlin.reflect.jvm.internal.impl.incremental.components.NoLookupLocation        : loaded 2 times (x 84B)
Class kotlin.reflect.jvm.internal.impl.resolve.DescriptorUtils                        : loaded 2 times (x 73B)
Class kotlin.reflect.jvm.internal.impl.load.java.JavaIncompatibilityRulesOverridabilityCondition$Companion: loaded 2 times (x 73B)
Class kotlin.reflect.jvm.internal.impl.load.java.JavaIncompatibilityRulesOverridabilityCondition: loaded 2 times (x 77B)
Class kotlin.reflect.jvm.internal.impl.types.checker.NewKotlinTypeCheckerImpl         : loaded 2 times (x 82B)
Class [Lkotlin.reflect.jvm.internal.impl.builtins.jvm.JvmBuiltIns$Kind;               : loaded 2 times (x 71B)
Class kotlin.collections.CollectionsKt                                                : loaded 2 times (x 73B)
Class kotlin.reflect.KMutableProperty2                                                : loaded 2 times (x 72B)
Class kotlin.text.MatchGroupCollection                                                : loaded 2 times (x 72B)
Class com.google.common.cache.AbstractCache$StatsCounter                              : loaded 2 times (x 72B)
Class kotlin.reflect.jvm.internal.impl.load.java.SpecialGenericSignatures$Companion   : loaded 2 times (x 73B)
Class kotlin.reflect.jvm.internal.impl.load.java.typeEnhancement.TypeComponentPositionKt: loaded 2 times (x 73B)
Class kotlin.reflect.jvm.internal.impl.types.TypeConstructorSubstitution$Companion$createByConstructorsMap$1: loaded 2 times (x 81B)
Class kotlin.reflect.jvm.internal.impl.load.java.lazy.descriptors.LazyJavaClassDescriptor$LazyJavaClassTypeConstructor: loaded 2 times (x 99B)
Class kotlin.ranges.IntProgressionIterator                                            : loaded 2 times (x 84B)
Class [Lkotlin.reflect.jvm.internal.impl.descriptors.PackageFragmentProvider;         : loaded 2 times (x 71B)
Class kotlin.reflect.jvm.internal.impl.types.AbstractTypePreparator                   : loaded 2 times (x 74B)
Class kotlin.reflect.jvm.internal.impl.metadata.deserialization.BinaryVersion$Companion: loaded 2 times (x 73B)
Class kotlin.reflect.jvm.internal.impl.storage.MemoizedFunctionToNullable             : loaded 2 times (x 72B)
Class kotlin.reflect.jvm.internal.impl.load.java.sources.JavaSourceElementFactory     : loaded 2 times (x 72B)
Class kotlin.reflect.jvm.internal.RuntimeTypeMapper                                   : loaded 2 times (x 73B)
Class com.google.common.collect.Iterators$MergingIterator                             : loaded 2 times (x 83B)
Class com.google.common.collect.RegularImmutableSet                                   : loaded 2 times (x 150B)
Class org.gradle.internal.installation.GradleInstallation                             : loaded 2 times (x 77B)
Class kotlin.reflect.jvm.internal.impl.types.SpecialTypesKt                           : loaded 2 times (x 73B)
Class kotlin.reflect.jvm.internal.JvmPropertySignature$KotlinProperty                 : loaded 2 times (x 75B)
Class kotlin.reflect.jvm.internal.impl.load.java.components.DescriptorResolverUtils$1$1: loaded 2 times (x 79B)
Class kotlin.reflect.jvm.internal.impl.utils.SmartSet                                 : loaded 2 times (x 138B)
Class kotlin.reflect.jvm.internal.impl.protobuf.GeneratedMessageLite$1                : loaded 2 times (x 73B)
Class kotlin.reflect.jvm.internal.impl.serialization.deserialization.DeserializedClassDataFinder: loaded 2 times (x 77B)
Class kotlin.reflect.jvm.internal.impl.metadata.ProtoBuf$ClassOrBuilder               : loaded 2 times (x 72B)
Class kotlin.reflect.jvm.internal.impl.metadata.ProtoBuf$ValueParameter               : loaded 2 times (x 103B)
Class kotlin.reflect.jvm.internal.impl.protobuf.SmallSortedMap$EmptySet               : loaded 2 times (x 73B)
Class kotlin.reflect.jvm.internal.impl.resolve.OverridingUtil$1                       : loaded 2 times (x 76B)
Class kotlin.reflect.jvm.internal.impl.load.java.lazy.JavaResolverSettings$Default    : loaded 2 times (x 78B)
Class kotlin.reflect.jvm.internal.impl.descriptors.ClassifierDescriptor               : loaded 2 times (x 72B)
Class com.google.common.collect.Iterables                                             : loaded 2 times (x 73B)
Class kotlin.io.FileWalkDirection                                                     : loaded 2 times (x 81B)
Class kotlin.reflect.jvm.internal.impl.load.java.typeEnhancement.JavaTypeEnhancement$SimpleResult: loaded 2 times (x 74B)
Class kotlin.reflect.jvm.internal.impl.types.model.IntersectionTypeConstructorMarker  : loaded 2 times (x 72B)
Class kotlin.reflect.jvm.internal.impl.load.java.structure.JavaType                   : loaded 2 times (x 72B)
Class kotlin.reflect.jvm.internal.impl.resolve.scopes.GivenFunctionsMemberScope       : loaded 2 times (x 96B)
Class kotlin.reflect.jvm.internal.impl.descriptors.impl.ValueParameterDescriptorImpl$Companion: loaded 2 times (x 73B)
Class kotlin.ranges.IntProgression                                                    : loaded 2 times (x 83B)
Class kotlin.reflect.jvm.internal.impl.protobuf.AbstractMessageLite$Builder           : loaded 2 times (x 87B)
Class kotlin.reflect.jvm.internal.impl.resolve.scopes.ChainedMemberScope              : loaded 2 times (x 87B)
Class kotlin.reflect.jvm.internal.impl.load.kotlin.DeserializationComponentsForJava$Companion$ModuleData: loaded 2 times (x 74B)
Class kotlin.reflect.jvm.internal.impl.metadata.ProtoBuf$Class$1                      : loaded 2 times (x 89B)
Class kotlin.reflect.jvm.internal.impl.metadata.jvm.JvmProtoBuf$JvmMethodSignature$1  : loaded 2 times (x 89B)
Class kotlin.reflect.jvm.internal.impl.metadata.jvm.deserialization.JvmProtoBufUtil   : loaded 2 times (x 73B)
Class kotlin.reflect.jvm.internal.impl.descriptors.impl.AbstractClassDescriptor$1$1   : loaded 2 times (x 79B)
Class kotlin.jvm.KotlinReflectionNotSupportedError                                    : loaded 2 times (x 84B)
Class com.google.common.collect.Lists$RandomAccessReverseList                         : loaded 2 times (x 202B)

---------------  S Y S T E M  ---------------

OS:
 Windows 11 , 64 bit Build 26100 (10.0.26100.9444)
OS uptime: 1 days 14:28 hours
Hyper-V role detected

CPU: total 8 (initial active 8) (4 cores per cpu, 2 threads per core) family 6 model 140 stepping 1 microcode 0xbc, cx8, cmov, fxsr, ht, mmx, 3dnowpref, sse, sse2, sse3, ssse3, sse4.1, sse4.2, popcnt, lzcnt, tsc, tscinvbit, avx, avx2, aes, erms, clmul, bmi1, bmi2, adx, avx512f, avx512dq, avx512cd, avx512bw, avx512vl, sha, fma, vzeroupper, avx512_vpopcntdq, avx512_vpclmulqdq, avx512_vaes, avx512_vnni, clflush, clflushopt, clwb, avx512_vbmi2, avx512_vbmi, hv, rdtscp, rdpid, fsrm, gfni, avx512_bitalg, f16c, cet_ibt, cet_ss, avx512_ifma
Processor Information for the first 8 processors :
  Max Mhz: 2995, Current Mhz: 2995, Mhz Limit: 2995

Memory: 4k page, system-wide physical 16112M (336M free)
TotalPageFile size 36487M (AvailPageFile size 26M)
current process WorkingSet (physical memory assigned to process): 654M, peak: 654M
current process commit charge ("private bytes"): 761M, peak: 800M

vm_info: OpenJDK 64-Bit Server VM (25.0.3+-15898627-b508.16) for windows-amd64 JRE (25.0.3+-15898627-b508.16), built on 2026-07-20T17:54:23Z with MS VC++ 16.10 / 16.11 (VS2019)

END.
